icao,iata,name,callsign,country,active
GNL,,135 Airways,GENERAL,United States,N
RNX,1T,1Time Airline,NEXTIME,South Africa,Y
WYT,,2 Sqn No 1 Elementary Flying Training School,,United Kingdom,N
TFU,,213 Flight Unit,,Russia,N
CHD,,223 Flight Unit State Airline,CHKALOVSK-AVIA,Russia,N
TTF,,224th Flight Unit,CARGO UNIT,Russia,N
TWF,,247 Jet Ltd,CLOUD RUNNER,United Kingdom,N
SEC,,3D Aviation,SECUREX,United States,N
MLA,Q5,40-Mile Air,MILE-AIR,United States,Y
QRT,,4D Air,QUARTET,Thailand,N
THD,,611897 Alberta Limited,DONUT,Canada,N
AAA,AN,Ansett Australia,ANSETT,Australia,Y
AAB,W9,Abelag Aviation,ABG,Belgium,N
AAC,,Army Air Corps,ARMYAIR,United Kingdom,N
AAD,,Aero Aviation Centre Ltd.,SUNRISE,Canada,N
SII,,Aero Servicios Ejecutivos Internacionales,ASEISA,Mexico,N
BZS,,Aero Biniza,BINIZA,Mexico,N
ABM,,Aero Albatros,ALBATROS ESPANA,Spain,N
AAF,ZI,Aigle Azur,AIGLE AZUR,France,Y
AAH,AQ,Aloha Airlines,ALOHA,United States,Y
AAK,,Alaska Island Air,ALASKA ISLAND,United States,N
AAL,AA,American Airlines,AMERICAN,United States,Y
AAM,,Aviation Management Corporation,AM CORP,United States,N
AAO,,Atlantis Airlines (USA),ATLANTIS AIR,United States,N
AAP,,Aerovista Airlines,AEROVISTA GROUP,United Arab Emirates,N
AAR,OZ,Asiana Airlines,ASIANA,Republic of Korea,Y
AAS,4K,Askari Aviation,AL-AAS,Pakistan,Y
AAU,,Australia Asia Airlines,AUSTASIA,Australia,N
AAV,,Astro Air International,ASTRO-PHIL,United States,N
AAW,8U,Afriqiyah Airways,AFRIQIYAH,Libya,Y
AFU,Q9,Afrinat International Airlines,,Gambia,N
AAX,,Afric'air Express,AFREX,Ivory Coast,N
AAY,G4,Allegiant Air,ALLEGIANT,United States,Y
AAZ,,Angus Aviation,ANGUS,Canada,N
ABA,,Artem-Avia,ARTEM-AVIA,Ukraine,N
ABB,,African Business and Transportations,AFRICAN BUSINESS-,Democratic Republic of the Congo,N
ABE,K5,Aban Air,ABAN,Iran,N
ABF,,Aerial Oy,SKYWINGS,Finland,N
ABG,,Abakan-Avia,ABAKAN-AVIA,Russia,N
TUS,M3,ABSA - Aerolinhas Brasileiras,ABSA Cargo,Brazil,Y
ABJ,,Abaet,Abaet,Brazil,N
ABK,,Alberta Citylink,ALBERTA CITYLINK,Canada,N
ABO,,APSA Colombia,AEROEXPRESO,Colombia,N
ABU,,Aerovias Bueno,AEROBUENO,Colombia,N
ACR,,Aerocenter,Escuela de Formacion de Pioltos Privados de Avion,AEROCENTER,N
ABV,04,Antrak Air,ANTRAK,Ghana,N
ABX,GB,Airborne Express,ABEX,United States,N
ABX,GB,ABX Air,ABEX,United States,N
ABZ,,ATA Brasil,ATA-BRAZIL,Brazil,N
ACC,,Avcard Services,,United Kingdom,N
ACD,,Academy Airlines,ACADEMY,United States,N
ACO,,Aero Comondu,AERO COMONDU,Mexico,N
ACP,8V,Astral Aviation,ASTRAL CARGO,Kenya,Y
ACS,,Air Cess,,Liberia,N
AAI,,Air Aurora,BOREALIS,United States,N
ACU,,Air Cargo Transportation System,AFRISPIRIT,Kenya,N
ACV,,Air Charter Service,,United Kingdom,N
RSO,E4,Aero Asia International,AERO ASIA,Pakistan,N
ACX,,Air Charters,PARAIR,Canada,N
TGA,YT,Air Togo,AIR TOGO,Togo,N
RSM,,Air Somalia,AIR SOMALIA,Somali Republic,N
ACY,,Atlas Cargo Lines,ATLAS CARGOLINES,Morocco,N
ADA,,Airservices Australia,AUSCAL,Australia,N
ADB,,Antonov Airlines,ANTONOV BUREAU,Ukraine,N
ADC,,Air Atlantic Dominicana,ATLAN-DOMINICAN,Dominican Republic,N
ADD,,Advanced Air Co.,,Japan,N
ADE,ZY,Ada Air,ADA AIR,Albania,Y
ADG,,Aerea Flying Training Organization,AEREA TRAINING,Spain,N
ADI,,Audeli Air,AUDELI,Spain,N
ADJ,,Abicar,ABICAR,Ivory Coast,N
ADK,Z7,ADC Airlines,ADCO,Nigeria,N
ADL,,Aero Dynamics,COTSWOLD,United Kingdom,N
ADM,,Aerolineas Dominicanas,DOMINAIR,Dominican Republic,N
ADN,,Aerodienst GmbH,AERODIENST,Germany,N
ADP,,Aerodiplomatic,AERODIPLOMATIC,Mexico,N
ADY,,Aerodyne,AERODYNE,United States,N
ADQ,,Avion Taxi,AIR DATA,Canada,N
ADR,JP,Adria Airways,ADRIA,Slovenia,Y
ADS,,Aviones de Sonora,SONORAV,Mexico,N
ADT,,Air Dorval,AIR DORVAL,Canada,N
ADU,,Airdeal Oy,AIRDEAL,Finland,N
ADV,,Advance Air Charters,ADVANCE,Canada,N
ADW,,Air Andaman,AIR ANDAMAN,Thailand,N
ADX,,Anderson Aviation,ANDAX,United States,N
AEA,UX,Air Europa,EUROPA,Spain,Y
ASW,,Air Southwest Ltd.,AIRSOUTHWEST,Canada,N
ASX,,Air Special,AIRSPEC,Czech Republic,N
AEB,EM,Aero Benin,AEROBEN,Benin,Y
AEC,,Aerocesar,Aerovias Del Cesar,AEROCESAR,N
AED,,Aerotrans Airlines,,Russia,N
AEE,A3,Aegean Airlines,AEGEAN,Greece,Y
AEG,,Aerofumigaciones Sam,FUMIGACIONES SAM,Chile,N
AEI,,Aeroexpreso Interamericano,INTERAM,Colombia,N
AEJ,,Air Express,KHAKI EXPRESS,Tanzania,N
AEK,,Aerocon,AEROCON,Bolivia,N
AEM,,Aero Madrid,AEROMADRID,Spain,N
AEN,,Aeroenlaces Nacionales,,Mexico,N
AEO,,Aeroservicios Ejecutivos Del Occidente,AERO OCCIDENTE,Mexico,N
AEP,,Aerotec,AEROTEC,Spain,N
AAG,KI,Air Atlantique,ATLANTIC,United Kingdom,N
AEL,PE,Air Europe,AIR EUROPE,Italy,Y
AAJ,,Air Alma,AIR ALMA,Canada,N
AEQ,,Air Express,LUNA,Sweden,N
AER,KO,Alaska Central Express,ACE AIR,United States,Y
AES,,ACES Colombia,ACES,Colombia,Y
AET,,Aeronautical Radio of Thailand,AEROTHAI,Thailand,N
AEU,5W,Astraeus,FLYSTAR,United Kingdom,Y
AEV,,Aeroventas,AEROVENTAS,Mexico,N
AEW,VV,Aerosvit Airlines,AEROSVIT,Ukraine,Y
AEX,,Airway Express,AVCO,United States,N
AEY,I9,Air Italy,AIR ITALY,Italy,Y
AEZ,,Aerial Transit Company,AERIAL TRANZ,United States,N
AFA,,Alfa Air,BLUE ALFA,Czech Republic,N
AFB,WK,American Falcon,AMERICAN FALCON,Argentina,N
UTY,QQ,Alliance Airlines,UNITY,Australia,Y
UVS,,Air Universal,UNI-LEONE,Sierra Leone,N
UVT,,Auvia Air,AUVIA,Indonesia,N
AFC,,African West Air,AFRICAN WEST,Senegal,N
AFE,,Airfast Indonesia,AIRFAST,Indonesia,N
AFG,FG,Ariana Afghan Airlines,ARIANA,Afghanistan,Y
AFH,,Air Fecteau,FECTO,Canada,N
AFI,,Africaone,AFRICAWORLD,Uganda,N
AFJ,,Alliance,JAMBO,Uganda,N
AFK,,Africa Air Links,AFRICA LINKS,Sierra Leone,N
AFL,SU,Aeroflot Russian Airlines,AEROFLOT,Russia,Y
AFO,,Aero Empresa Mexicana,AERO EMPRESA,Mexico,N
BON,JA,Air Bosna,AIR BOSNA,Bosnia and Herzegovina,Y
BRF,,Air Bravo,AIR BRAVO,Uganda,N
BRL,,Air Brasd'or,BRASD'OR,Canada,N
BRM,,Air 500,BOOMERANG,Canada,N
AFQ,,Alba Servizi Aerotrasporti,ALBA,Italy,N
AFR,AF,Air France,AIRFRANS,France,Y
ACG,,Air Partner,AIR PARTNER,United Kingdom,N
ACI,SB,Air Caledonie International,AIRCALIN,France,Y
ACM,,Air Caledonia,WEST CAL,Canada,N
AGM,,Air Guam,AIR GUAM,United States,N
AGN,GN,Air Gabon,GOLF NOVEMBER,Gabon,N
AFS,,Air Data,,United Kingdom,N
AFV,,Air Afrique Vacancies,AFRIQUE VACANCE,Ivory Coast,N
MVM,,Air Cargo America,PEGASUS,United States,N
NGO,,Air-Angol,AIR ANGOL,Angola,N
NGP,,Air Nigeria,REGAL EAGLE,Nigeria,N
SNC,2Q,Air Cargo Carriers,NIGHT CARGO,United States,Y
SND,,Air Samarkand,ARSAM,Uzbekistan,N
SNG,V7,Air Senegal International,AIR SENEGAL,Senegal,N
SNY,,Air Sandy,AIR SANDY,Canada,N
NMB,SW,Air Namibia,NAMIBIA,Namibia,Y
NSK,,Air Intersalonika,INTERSALONIKA,Greece,N
NTL,,Air Anatolia,AIR ANATOLIA,Turkey,N
SGA,,Air Saigon,AIR SAIGON,Vietnam,N
AFW,,Afrique Regional Airways,AFRAIR,Ivory Coast,N
AFX,,Airfreight Express,,United Kingdom,N
AFY,,Africa Chartered Services,AFRICA CHARTERED,Nigeria,N
AFZ,,Africa Freight Services,AFREIGHT,Zambia,N
AGA,,Aeronaves Del Centro,,Venezuela,N
AGB,G8,Air Service Gabon,,Gabon,N
AGC,,Arab Agricultural Aviation Company,AGRICO,Egypt,N
AGF,,Atlantic Gulf Airlines,ATLANTIC GULF,United States,N
SLI,5D,Aerolitoral,COSTERA,Mexico,Y
AGG,,Algoma Airways,ALGOMA,Canada,N
AGH,,Altagna,ALTAGNA,France,N
AGO,,Angola Air Charter,ANGOLA CHARTER,Angola,N
AGO,,Angola Air Charter,ANGOLA CHARTER,Angola,N
AGP,,AERFI Group,AIR TARA,Ireland,N
AGQ,,Aerogala,GALASERVICE,Chile,N
AGT,1A,Amadeus Global Travel Distribution,AMADEUS,Spain,N
AGU,,Angara Airlines,SARMA,Russia,N
AGV,7T,Air Glaciers,AIR GLACIERS,Switzerland,Y
AGW,,Aero Gambia,AERO GAMBIA,Gambia,N
AGX,,Aviogenex,GENEX,Serbia,Y
BLR,,Atlantic Coast Airlines,BLUE RIDGE,United States,N
BLZ,,Aero Barloz,AEROLOZ,Mexico,N
PLI,PL,Aeroper,Aeroperu,Peru,Y
BMM,8A,Atlas Blue,ATLAS BLUE,Morocco,Y
BNB,,Aero Banobras,AEROBANOBRAS,Mexico,N
AGY,,Aero Flight Service,FLIGHT GROUP,United States,N
AGZ,,Agrolet-Mci,AGROLET,Slovakia,N
AHA,GD,Air Alpha Greenland,AIR ALPHA,Denmark,N
AHC,,Azal Avia Cargo,AZALAVIACARGO,Azerbaijan,N
AHE,,Airport Helicopter Basel,Muller & Co.,AIRPORT HELICOPTER,N
CJE,,Aeroservices Corporate,BIRD JET,France,N
AHF,,Aspen Helicopters,ASPEN,United States,N
AHG,,Aerochago Airlines,AEROCHAGO,Dominican Republic,N
AHH,,Airplanes Holdings,AIRHOLD,Ireland,N
AHK,LD,Air Hong Kong,AIR HONG KONG,Hong Kong,N
AHP,,Aerochiapas,AEROCHIAPAS,Mexico,N
AHR,,Air Adriatic,ADRIATIC,Croatia,N
AHS,,Air Viggi San Raffaele,AIRSAR,Italy,N
AHU,,ABC Air Hungary,ABC HUNGARY,Hungary,N
AHW,HT,Aeromist-Kharkiv,AEROMIST,Ukraine,N
AHY,J2,Azerbaijan Airlines,AZAL,Azerbaijan,Y
AIA,U3,Avies,AVIES,Estonia,Y
AIB,AP,Airbus Industrie,AIRBUS INDUSTRIE,France,N
AIH,,Alpine Air Chile,ALPINE CHILE,Chile,N
AII,,Air Integra,INTEGRA,Canada,N
AIJ,,ABC Aerolineas,ABC AEROLINEAS,Mexico,N
AIK,,African Airlines International Limited,AFRICAN AIRLINES,Kenya,N
AIN,,African International Airways,FLY CARGO,Swaziland,N
AIP,5A,Alpine Air Express,ALPINE AIR,United States,N
AIU,,Alicante Internacional Airlines,ALIA,Spain,N
ABP,,Aba Air,BAIR,Czech Republic,N
ABQ,ED,Airblue,PAKBLUE,Pakistan,Y
THM,,Airmark Aviation,THAI AIRMARK,Thailand,N
AIR,,Airlift International,AIRLIFT,United States,Y
AIT,,Airest,,Estonia,N
BFF,,Air Baffin,AIR BAFFIN,Canada,N
BDM,,Air Bandama,BANDAMA,Ivory Coast,N
BER,AB,Air Berlin,AIR BERLIN,Germany,Y
ABT,,Air Brousse,AIR BROUSSE,Canada,N
ABR,AG,Air Contractors,CONTRACT,Ireland,N
AIL,,Air Illinois,AIR ILLINOIS,United States,N
AIC,AI,Air India Limited,AIRINDIA,India,Y
AIG,,Air Inter Gabon,,Gabon,N
BUB,ZB,Air Bourbon,BOURBON,Reunion,Y
ABD,CC,Air Atlanta Icelandic,ATLANTA,Iceland,Y
AIE,,Air Inuit,AIR INUIT,Canada,N
AIS,,Air Sureste,SURESTE,Spain,N
SBK,RB,Air Srpska,Air Srpska,Bosnia and Herzegovina,N
THT,TN,Air Tahiti Nui,TAHITI AIRLINES,France,Y
AIV,,Airvias S/A Linhas Aereas,AIRVIAS,Brazil,N
BES,W4,Aero Services Executive,BIRD EXPRESS,France,N
AIW,,Atlantic Island Airways,TARTAN,Canada,N
AIX,,Aircruising Australia,CRUISER,Australia,N
AIY,,Aircrew Check and Training Australia,AIRCREW,Australia,N
AIZ,IZ,Arkia Israel Airlines,ARKIA,Israel,Y
AJA,,A J Services,AYJAY SERVICES,United Kingdom,N
AJB,,Aero JBR,AERO JBR,Mexico,N
AJE,,Aero Jet Express,JET EXPRESS,Mexico,N
AJF,,Avia Consult Flugbetriebs,AVIACONSULT,Austria,N
AJI,,Ameristar Jet Charter,AMERISTAR,United States,N
AJJ,,A2 Jet Leasing,ATLANTIC JET,United States,N
AJK,,Allied Air,BAMBI,Nigeria,N
AJM,JM,Air Jamaica,JAMAICA,Jamaica,Y
ADH,AP,Air One,HERON,Italy,Y
RSH,S2,Air Sahara,SAHARA,India,Y
AMC,KM,Air Malta,AIR MALTA,Malta,Y
AJO,,Aeroejecutivo,AEROEXO,Mexico,N
AJP,,Aero Jets Corporativos,AEROJETS,Mexico,N
AJS,,Aeroejecutivos Colombia,AEROEJECUTIVOS,Colombia,N
AJT,M6,Amerijet International,AMERIJET,United States,N
AJU,,Air Jetsul,AIRJETSUL,Portugal,N
AJV,,ANA & JP Express,AYJAY CARGO,Japan,N
AJW,,Alpha Jet International,ALPHAJET,United States,N
AJX,NQ,Air Japan,AIR JAPAN,Japan,Y
AJY,,Ajet,AYJET,Cyprus,N
AKA,,Air Korea Co. Ltd.,,Republic of Korea,Y
LIV,,Air Livonia,LIVONIA,Estonia,N
ABL,,Air BC,AIRCOACH,Canada,N
ABN,,Air Fret Senegal,,Senegal,N
LJA,,Air Jamahiriya Company,AIR JAMAHIRIYA,Libya,N
AKB,,Aktjubavia,KARAB,Kazakhstan,N
AKC,,Arca Aerovias Colombianas Ltda.,ARCA,Colombia,N
AKF,,Anikay Air Company,ANIKAY,Kyrgyzstan,N
AKH,,Akhal,AKHAL,Turkmenistan,N
MNI,,Aeromilenio,AEROMIL,Mexico,N
AKK,,Aklak Air,AKLAK,Canada,N
AKL,4A,Air Kiribati,,Kiribati,Y
AKN,,Alkan Air,ALKAN AIR,Canada,N
AKW,,Angkor Airways,ANGKORWAYS,Cambodia,N
AKX,EH,Air Nippon Network Co. Ltd.,ALFA WING,Japan,N
AKZ,,AK Navigator LLC,ABSOLUTE,Kazakhstan,N
ALB,,Aero Albatros,ALBATROS,Mexico,N
ALD,,Albion Aviation,ALBION,United Kingdom,N
ALE,,Aeroalas Colombia,AEROALAS,Colombia,N
ALF,,Allied Command Europe (Mobile Force),ACEFORCE,Belgium,N
BTS,,Aerotaxis Albatros,AEROLINEAS ALBATROS,Mexico,N
FYS,,American Flyers,AMERICAN FLYERS,United States,N
DFA,,Aero Coach Aviation,AERO COACH,United States,N
CAA,,Atlantic Southeast Airlines,Chandler,United States,N
BVR,,ACM Air Charter,BAVARIAN,Germany,N
ALG,,Air Logistics,AIRLOG,United States,N
ALL,,Aerovallarta,VALLARTA,Mexico,N
ALM,,Air ALM,ANTILLEAN,Netherlands Antilles,N
ALN,,Air Lincoln,CHICAGO LINCOLN,United States,N
AWE,HP,America West Airlines,CACTUS,United States,Y
AWI,ZW,Air Wisconsin,AIR WISCONSIN,United States,Y
TNO,,Aerotransporte de Carga Union,AEROUNION,Mexico,N
TND,,Aero Taxis Cessna,TAXIS CESSNA,Mexico,N
TMP,,Arizona Express Airlines,TEMPE,United States,N
TAK,U9,Tatarstan Airlines,TATARSTAN,Russia,Y
ALO,,Allegheny Commuter Airlines,ALLEGHENY,United States,Y
ALP,,Alpliner AG,ALPINER,Switzerland,N
ALQ,,Altair Aviation (1986),ALTAIR,Canada,N
ALU,,Air Luxor STP,LUXORJET,Sao Tome and Principe,N
ALV,,Alas de Venezuela,ALVEN,Venezuela,N
ALW,,Alas Nacionales,S.A.,ALNACIONAL,N
ALY,,Alyeska Air Service,ALYESKA,United States,N
ALZ,,Alta Flights (Charters) Ltd.,,Canada,N
RSI,,Air Sunshine,AIR SUNSHINE,United States,Y
AMA,,ATMA,ADIK,Kazakhstan,N
AMD,,Aerolineas Medellin,AEROLINEAS MEDELLIN,Colombia,N
AMF,,Ameriflight,AMFLIGHT,United States,N
KLA,TT,Air Lithuania,KAUNAS,Lithuania,N
AMG,,Air Minas Linhas A,AIR MINAS,Brazil,N
AMH,,Alan Mann Helicopters Ltd.,MANN,United Kingdom,N
AMI,,Air Maldives,AIR MALDIVES,Maldives,N
AMJ,,Aviation Amos,AVIATION AMOS,Canada,N
AMK,,Amerer Air,AMER AIR,Austria,N
AML,QM,Air Malawi,MALAWI,Malawi,Y
AMM,,Aeroputul International Marculesti,AEROM,Moldova,N
AMN,,Air Montenegro,MONTENEGRO,Montenegro,N
AMO,,Air Montreal (Air Holdings Inc.),AIR MONTREAL,Canada,N
AMP,,Aero Transporte S.A. (ATSA),ATSA,Peru,N
AMQ,,Aeromedicare Ltd.,LIFELINE,United Kingdom,N
AMR,,Air Specialties Corporation,AIR AM,United States,N
AMS,,Air Muskoka,AIR MUSKOKA,Canada,N
AMT,,ATA Airlines,AMTRAN,United States,Y
AMU,NX,Air Macau,AIR MACAO,Macao,Y
AMV,,AMC Airlines,,Egypt,Y
AMW,ZV,Air Midwest,AIR MIDWEST,United States,N
SEY,HM,Air Seychelles,SEYCHELLES,Seychelles,Y
SFB,,Air Sofia,AIR SOFIA,Bulgaria,N
AMX,AM,AeroMéxico,AEROMEXICO,Mexico,Y
AMY,,Air Ambar,AIR AMBAR,Dominican Republic,N
AMZ,,Amiya Airline,AMIYA AIR,Nigeria,N
ANA,NH,All Nippon Airways,ALL NIPPON,Japan,Y
ANB,,Air Navigation And Trading Co. Ltd.,AIR NAV,United Kingdom,N
ANC,,Anglo Cargo,ANGLO,United Kingdom,N
ANE,YW,Air Nostrum,AIR NOSTRUM,Spain,Y
ANG,PX,Air Niugini,NUIGINI,Papua New Guinea,Y
ABY,G9,Air Arabia,ARABIA,United Arab Emirates,Y
ACA,AC,Air Canada,AIR CANADA,Canada,Y
BRP,,Airport Bratsk,AEROBRA,Russia,N
BSB,,Air Wings,ARBAS,Moldova,N
BTI,BT,Air Baltic,AIRBALTIC,Latvia,Y
ANH,,Alajnihah for Air Transport,ALAJNIHAH,Libya,N
ANI,,Air Atlantic (Nig) Limited,NIGALANTIC,Nigeria,N
ANK,EL,Air Nippon,ANK AIR,Japan,Y
ANM,,Antares Airtransport,Maintenance & Service GmbH,ANTARES,N
ANO,TL,Airnorth,TOPEND,Australia,Y
ANQ,,Aerol,ANTIOQUIA,Colombia,N
ANS,,Andes Lineas Aereas,AEROANDES,Argentina,N
ANT,4N,Air North Charter - Canada,AIR NORTH,Canada,Y
ANV,,Air Nevada,AIR NEVADA,United States,N
AOM,IW,AOM French Airlines,French Lines,France,N
ANW,,Aviacion Del Noroeste,S.A. de C.V.,AVINOR,N
ANZ,NZ,Air New Zealand,NEW ZEALAND,New Zealand,Y
SAP,,Avia Jaynar,TOBOL,Kazakhstan,N
EMS,,Aero Servicios Empresariales,SERVIEMPRESARIAL,Mexico,N
AOA,,Alcon Servicios Aereos,S.A. de C.V.,ALCON,N
AOC,J6,AVCOM,AERO AVCOM,Russia,N
AOD,,Aero Vodochody,AERO CZECH,Czech Republic,N
AOE,,Air One Executive,,Italy,N
AOF,,Atair Pty Ltd.,ATAIR,South Africa,N
AOG,2D,Aero VIP,AVIP,Argentina,N
MUN,,Aeromundo Ejecutivo,AEROMUNDO,Mexico,N
MUR,,Aerolinea Muri,MURI,Mexico,N
AOI,,Astoria,Inc.,ASTORIA,N
NRO,,Aero Rent JSC,AEROMASTER,Russia,N
NRP,,Aeronord-Grup,AERONORD,Moldova,N
AOK,,Aeroatlantico Colombia,,Colombia,N
AOL,,Angkor Airlines,ANGKOR AIR,Cambodia,N
AON,,Aero Entreprise,AERO ENTERPRISE,France,N
AOO,,As,Opened Joint Stock Company,COMPANY AS,N
AOP,,Aeropiloto,AEROPILOTO,Portugal,N
VIV,,Aeroenlaces Nacionales,AEROENLACES,Mexico,N
VIZ,,Aerovis Airlines,AEROVIZ,Ukraine,N
VJE,,Avjet International (FZE),,United Arab Emirates,N
VGF,,Aerovista Gulf Express,VISTA GULF,United Arab Emirates,N
VGA,6V,Air Vegas,AIR VEGAS,United States,N
VER,,Almaver,ALMAVER,Mexico,N
AOR,,Afro International Ent. Limited,INTER-AFRO,Nigeria,N
SMX,XM,Alitalia Express,ALIEXPRESS,Italy,Y
AOT,OE,Asia Overnight Express,ASIA OVERNIGHT,Philippines,N
AOU,,Air Tractor,AIR TRACTOR,Croatia,N
AOV,,Aero Vision,AEROVISION,France,N
AOX,,Aerotaxi Del Valle,AEROVALLE,Colombia,N
APA,,Air Park Aviation Ltd.,CAN-AM,Canada,N
APC,,Airpac Airlines,Inc.,AIRPAC,N
SVM,,Aeroservicios Monterrey,SERVIMONTE,Mexico,N
APF,,Amapola Flyg AB,AMAPOLA,Sweden,N
APG,,Air People International,AIR PEOPLE,Thailand,N
APH,,Alpha Aviation,Inc.,AIRFLIGHT,N
API,,ASA Pesada,Lda.,ASA PESADA,N
APJ,,Air Print,S.A.,AIR PRINT,N
BJK,,Atlantic Airlines,BLACKJACK,United States,N
PET,,Aerotransporte Petrolero,AEROPETRO,Colombia,N
ARF,GV,Aero Flight,Aero Fox,Germany,Y
BJT,,ACM Aviation,BAY JET,United States,N
BKL,,Aircompany Barcol,BARCOL,Russia,N
BLA,,All Charter Limited,ALL CHARTER,United Kingdom,N
APL,,Appalachian Flying Service,Inc.,APPALACHIAN,N
APM,,Airpac,Inc.,ALASKA PACIFIC,N
APO,,Aeropro,AEROPRO,Canada,N
APP,,Aerolineas Pacifico Atlantico,S.A. (Apair),AEROPERLAS,N
APQ,,Aspen Aviation,ASPEN BASE,United States,N
APU,,Aeropuma,S.A.,AEROPUMA,N
APV,,Air Plan International,AIR PLAN,Democratic Republic of the Congo,N
APW,JW,Arrow Air,BIG A,United States,Y
APX,,Apex Air Cargo,PARCEL EXPRESS,United States,N
APY,,APA Internacional,APA INTERNACIONAL,Dominican Republic,N
AQA,,Aeroatlas,S.A.,ATCO,N
AQL,,Aquila Air Ltd.,AQUILA,Canada,N
AQN,,Air Queensland,BUSHAIR,Australia,N
AQO,,Aluminum Company Of America,ALCOA SHUTTLE,United States,N
AQT,,Aviones de Renta de Quintana Roo,S.A. de C.V.,AVIOQUINTANA,N
AQU,,AirQuarius Aviation,QUARIUS,South Africa,N
AQZ,,Aerodyne Charter Company,QUANZA,United States,N
ARA,W3,Arik Air,ARIK AIR,Nigeria,N
ARB,,Avia Air N.V.,AVIAIR,Aruba,N
ARC,,Air Routing International Corp.,,United States,N
ARD,2B,Aerocondor,AEROCONDOR,Portugal,Y
ARE,4C,Aires,Aerovias de Integracion Regional,S.A.,Y
ARG,AR,Aerolineas Argentinas,ARGENTINA,Argentina,Y
ARH,,Arrowhead Airways,ARROWHEAD,United States,N
ARI,,Aero Vics,AEROVICS,Mexico,N
ARJ,,Aerojet de Costa Rica,S.A.,,N
SUN,,Antillana De Navegacion Aerea,,Dominican Republic,N
SUO,,Aeroservicios De San Luis,SERVICIO SANLUIS,Mexico,N
SUP,,Aerosuper,AEROSUPER,Mexico,N
ARK,,Aero Link Air Services S.L.,LINK SERVICE,Spain,N
ARL,,Airlec - Air Aquitaine Transport,AIRLEC,France,N
ARM,,Aeromarket Express,AMEX,Spain,N
ARO,,Arrow Aviation Ltd.,ARROW,Canada,N
ARP,,RPA-Aviataxi Ltd.,,Russia,N
KLD,,Air Klaipeda,AIR KLAIPEDA,Lithuania,N
ARQ,,Armstrong Air,Inc.,ARMSTRONG,N
ARR,QN,Air Armenia,AIR ARMENIA,Armenia,N
ARS,,Aeromet Servicios,METSERVICE,Chile,N
ART,,Aerotal Aerolineas Territoriales de Colombia Ltda,AEROTAL,Colombia,N
ARV,,Aravco Ltd.,ARAVCO,United Kingdom,N
ARW,,Aria,ARIABIRD,France,N
ARX,,Air Xpress,Inc.,AIREX,N
OST,,Airline Alania,ALANIA,Russia,N
HTT,,Air Tchad,HOTEL TANGO,Chad,N
HUC,,Aerloineas de Techuacan,LINEAS TEHUACAN,Mexico,N
HUT,,Aerotransportes Huitzilin,AEROHUITZILIN,Mexico,N
HUY,,Aero Transportes Del Humaya,AERO HUMAYA,Mexico,N
ARY,,Argosy Airways,GOSEY,United States,N
ARZ,,Air Resorts,AIR RESORTS,United States,N
ASA,AS,Alaska Airlines,Inc.,ALASKA,Y
ASB,,Air-Spray 1967 Ltd.,AIR SPRAY,Canada,N
ASC,,Air Star Corporation,AIR STAR,Canada,N
ASD,4D,Air Sinai,AIR SINAI,Egypt,Y
ASE,PL,Airstars,MOROZOV,Russia,N
ASF,,Air Schefferville,Inc.,SCHEFF,N
ASG,,African Star Airways (PTY) Ltd.,AFRICAN STAR,South Africa,N
ASI,,Aerosun International,Inc.,AEROSUN,N
ASJ,,Air Satellite,SATELLITE,Canada,N
ASM,,Awesome Flight Services (PTY) Ltd.,AWESOME,South Africa,N
ASN,,Air and Sea Transport,,Russia,N
ASO,,Aero Slovakia,AERO NITRA,Slovakia,N
ASP,,Airsprint,AIRSPRINT,Canada,N
ASQ,EV,Atlantic Southeast Airlines,ACEY,United States,Y
ASR,,All Star Airlines,Inc.,ALL STAR,N
ASS,,Air Class,S.A. de C.V.,AIR CLASS,N
AST,,Aerlineas Del Oeste,AEROESTE,Mexico,N
NRE,,Aviones Are,AVIONES ARE,Mexico,N
NPL,,Air Nepal International,AIR NEPAL,Nepal,N
NPR,,Air Napier,,New Zealand,N
WAM,,Air Taxi & Cargo,TAXI CARGO,Sudan,N
WAP,,Arrow Panama,ARROW PANAMA,Panama,N
ASV,,Astravia-Bissau Air Transports Ltd.,ASTRAVIA,Guinea-Bissau,N
ASZ,OB,Astrakhan Airlines,AIR ASTRAKHAN,Russia,Y
ATA,,Air Transport Association,,United States,N
ATB,,Atlantair Ltd.,STARLITE,Canada,N
ATC,TC,Air Tanzania,TANZANIA,Tanzania,Y
ATD,,Aerotours Dominicana,AEROTOURS,Dominican Republic,N
ATE,,Atlantis Transportation Services,Ltd.,ATLANTIS CANADA,N
ATG,,Aerotrans Airline,BACHYT,Kazakhstan,N
XAC,,Air Charter World,,United States,N
VBW,2J,Air Burkina,BURKINA,Burkina Faso,Y
ATH,,Air Travel Corp.,AIR TRAVEL,United States,N
ATI,HC,Aero-Tropics Air Services,,Australia,N
ATJ,,Air Traffic GmbH,SNOOPY,Germany,N
ATK,,AeroTACA,AEROTACA,Colombia,N
ATL,,Aerocentral,CENTRALMEX,Mexico,N
ATM,FO,Airlines Of Tasmania,AIRTAS,Australia,Y
SPM,PJ,Air Saint Pierre,,France,Y
ATN,8C,Air Transport International,AIR TRANSPORT,United States,N
ATP,,ASTRAL Colombia - Aerotransportes Especiales Ltda.,ASTRAL,Colombia,N
ATQ,,Air Transport Schiphol,MULTI,Netherlands,N
FEO,,Aeroferinco,FERINCO,Mexico,N
FES,,Aero Taxis Y Servicios Alfe,AERO ALFE,Mexico,N
FFA,,Avialesookhrana,AVIALESOOKHRANA,Russia,N
FFB,,Africair Service,FOXTROT FOXTROT,Senegal,N
ATR,,Atlas Airlines,ATLAS-AIR,United States,N
ATS,,Air Transport Service,,Democratic Republic of the Congo,N
ATT,,Aer Turas,AERTURAS,Ireland,N
ATU,,Atlant Aerobatics Ltd.,ATLANT HUNGARY,Hungary,N
ATV,,Avanti Air,AVANTI AIR,Germany,N
ATW,,Aero Trades (Western) Ltd.,AERO TRADES,Canada,N
AUA,OS,Austrian Airlines,AUSTRIAN,Austria,Y
WOW,,Air Southwest,SWALLOW,United Kingdom,Y
AUB,IQ,Augsburg Airways,AUGSBURG-AIR,Germany,Y
CPV,,Air Corporate,AIRCORPORATE,Italy,N
TUP,,Aviastar-Tu,TUPOLEVAIR,Russia,N
ABW,RU,AirBridge Cargo,AIRBRIDGE CARGO,Russia,N
TUR,,ATUR,,Ecuador,Y
TXU,,ATESA Aerotaxis Ecuatorianos,ATESA,Ecuador,N
TXX,,Austin Express,COWBOY,United States,N
AUD,,Audi Air,Inc.,AUDI AIR,N
AUF,,Augusta Air Luftfahrtunternehmen,AUGUSTA,Germany,N
AUH,MO,Abu Dhabi Amiri Flight,SULTAN,United Arab Emirates,Y
AUL,5N,Aeroflot-Nord,DVINA,Russia,Y
AUM,,Air Atlantic Uruguay,ATLAMUR,Uruguay,N
AUN,,Aviones Unidos,AVIONES UNIDOS,Mexico,N
AUP,,Avia Business Group,,Russia,N
SVE,,Aero Servicios Expecializados,AEROESPECIAL,Mexico,N
AUR,GR,Aurigny Air Services,AYLINE,United Kingdom,Y
AUS,NO,Aus-Air,,Australia,N
AUT,AU,Austral Lineas Aereas,AUSTRAL,Argentina,Y
AUU,,Aurora Aviation,Inc.,AURORA AIR,N
AUX,,Air Uganda International Ltd.,,Uganda,N
AUY,,Aerolineas Uruguayas,S.A.,AUSA,N
AUZ,AO,Australian Airlines,AUSTRALIAN,Australia,N
AVA,AV,Avianca - Aerovias Nacionales de Colombia,S.A.,AVIANCA,Y
AVB,,Aviation Beaufort,BEAUPAIR,United Kingdom,N
AVD,,Alamo Aviacion,S.L.,ALAMO,N
AVF,,Aviair Aviation Ltd.,CARIBOO,Canada,N
AVG,,Air Falcon,DJIBOUTI FALCON,Djibouti,N
AVH,,AV8 Helicopters,KENT HELI,United Kingdom,N
AVJ,,Avia Traffic Company,ATOMIC,Kyrgyzstan,N
AVK,,AV8 Helicopters,AVIATE-COPTER,South Africa,N
AVM,,Aviacion Ejecutiva Mexicana,S.A.,AVEMEX,N
AVN,NF,Air Vanuatu,AIR VAN,Vanuatu,Y
AVO,,Aviation at Work,AVIATION WORK,South Africa,N
AVP,,Avcorp Registrations,AVCORP,United Kingdom,N
LFP,,Alfa Aerospace,ALFA-SPACE,Australia,N
LFR,,Atlantic Airfreight Aviation,LANFREIGHT,Sao Tome and Principe,N
LFT,,Aerolift Company,LIFTCO,Sierra Leone,N
AVQ,,Aviation Services,Inc.,AQUILINE,N
AVR,,Active Aero Charter,Inc.,ACTIVE AERO,N
AVS,,Avialsa T-35,AVIALSA,Spain,N
AVT,,Asia Avia Airlines,ASIAVIA,Indonesia,N
AVU,,Avia Sud A,AVIASUD,France,N
AVV,,Airvantage Incorporated,AIRVANTAGE,United States,N
AVW,,Aviator Airways,AVIATOR,Greece,N
AVX,,Aviapaslauga,PASLAUGA,Lithuania,N
XXX,,ASL,,Belgium,N
YRG,,Air Yugoslavia,YUGAIR,Serbia,N
ZAK,K8,Airlink Zambia,,Zambia,N
ZZM,,Agence Nationale des Aerodromes et de la Meteorologie,,Ivory Coast,N
BGA,,Airbus Transport International,BELOUGA,France,N
BGD,B9,Air Bangladesh,AIR BANGLA,Bangladesh,Y
BGF,,Aviodetachment-28,BULGARIAN,Bulgaria,N
BGG,,Aero BG,AERO BG,Mexico,N
BHC,,Aerotaxis De La Bahia,BAHIA,Mexico,N
BIE,DR,Air Mediterranee,MEDITERRANEE,France,Y
BIV,,Aviaservice,AVIASERVICE,Georgia,N
SZA,,Aerolineas De El Salvador,AESA,El Salvador,N
SZL,,Swaziland Airlink,SWAZILINK,Swaziland,N
TAH,,Air Moorea,AIR MOOREA,France,Y
AVY,,Aerovaradero,S.A.,AEROVARADERO,N
AVZ,,Air Valencia,AIR VALENCIA,Spain,N
AWB,,Airways International,Inc.,AIRNAT,N
AWK,,Airwork,AIRWORK,New Zealand,N
AWL,,Australian Wetleasing,AUSSIEWORLD,Australia,N
AWN,,Air Niamey,AIR NIAMEY,Niger,N
AWO,,Awood Air Ltd.,AWOOD AIR,Canada,N
AWR,,Arctic Wings And Rotors Ltd.,ARCTIC WINGS,Canada,N
ISM,,Auo Airclub AIST-M,STORK,Russia,N
AWS,,Arab Wings,ARAB WINGS,Jordan,N
AWT,,Air West,AIR WEST,Canada,N
AWU,7E,Aeroline GmbH,SYLT-AIR,Germany,Y
AWV,,Airwave Transport,Inc.,AIRWAVE,N
AWW,6G,Air Wales,RED DRAGON,United Kingdom,Y
AWY,,Aeroway,S.L.,AEROWEE,N
FWI,TX,Air Caraïbes,FRENCH WEST,France,Y
AWZ,,AirWest,,Sudan,N
AXB,IX,Air India Express,EXPRESS INDIA,India,Y
AXD,,Air Express,AIR SUDEX,Sudan,N
AXF,HJ,Asian Express Airlines,FREIGHTEXPRESS,Australia,N
AXH,,Aeromexhaga,AEROMEXHAGA,Mexico,N
AXI,,Aeron International Airlines,Inc.,AIR FREIGHTER,N
AXK,,African Express Airways,EXPRESS JET,Kenya,N
AXL,XT,Air Exel,EXEL COMMUTER,Netherlands,Y
AXM,AK,AirAsia,ASIAN EXPRESS,Malaysia,Y
AXN,,Alexandair,ALEXANDROS,Greece,N
AXP,,Aeromax,AEROMAX SPAIN,Spain,N
AXQ,,Action Airlines (Action Air Charter),ACTION AIR,United States,N
BNI,,Alberni Airways,ALBERNI,Canada,N
BNZ,,Aerolineas Bonanza,AERO BONANZA,Mexico,N
BOC,,Aerobona,AEROBONA,Mexico,N
BOI,,Aboitiz Air,ABAIR,Philippines,N
AXR,,Axel Rent,S.A.,RENTAXEL,N
AXS,,Altus Airlines,ALTUS,United States,N
AXV,,Aviaxess,AXAVIA,France,N
AXX,,Avioimpex A.D.p.o.,IMPEX,Macedonia,N
AXY,6V,Axis Airways,AXIS,France,N
AYD,,Aladia Airlines,AIRLINES ALADIA,Mexico,N
AYK,,Aykavia Aircompany,,Armenia,N
AYM,,Airman,S.L.,AIRMAN,N
AYN,,Atlantic Airlines,S.A.,ATLANTIC NICARAGUA,N
AYS,,Awsaj Aviation Services,,Libya,N
AYT,,Ayeet Aviation & Tourism,AYEET,Israel,N
AYZ,3G,Atlant-Soyuz Airlines,ATLANT-SOYUZ,Russia,Y
AZA,AZ,Alitalia,ALITALIA,Italy,Y
AZB,,Azamat,TUMARA,Kazakhstan,N
AZE,ZE,Arcus-Air Logistic,ARCUS AIR,Germany,N
AZF,,Air Zermatt AG,AIR ZERMATT,Switzerland,N
AZK,,Azalhelikopter,AZALHELICOPTER,Azerbaijan,N
AZL,,Africa One,SKY AFRICA,Zambia,N
AZM,,Aerocozumel,AEROCOZUMEL,Mexico,N
AZN,Z8,Amaszonas,,Bolivia,Y
AZP,,Arizona Pacific Airways,ARIZONA PACIFIC,United States,N
AZS,,Aviacon Zitotrans Air Company,ZITOTRANS,Russia,N
AZT,,Azimut,S.A.,AZIMUT,N
AZV,,Azov Avia Airlines,AZOV AVIA,Ukraine,N
AZW,UM,Air Zimbabwe,AIR ZIMBABWE,Zimbabwe,Y
MHC,,Aero Jomacha,AERO JOMACHA,Mexico,N
MHS,,Air Memphis,AIR MEMPHIS,Egypt,N
MHU,,Air Memphis,MEPHIS UGANDA,Uganda,N
MKH,,Air Marrakech Service,AIR MARRAKECH,Morocco,N
AZX,,Air Max Africa,AZIMA,Gabon,N
AZY,,Arizona Airways,Inc.,ARIZAIR,N
AZZ,,Azza Transport,AZZA TRANSPORT,Sudan,N
NAR,,Air Continental Inc,NIGHT AIR,United States,N
NAU,,Antanik-Air,ANTANIK,Ukraine,N
NER,,Air Newark,NEWAIR,United States,N
NFF,,Aircraft Support and Services,,Lebanon,N
OBA,,Aerobanana,AEROBANANA,Mexico,N
OBK,,Amako Airlines,AMAKO AIR,Nigeria,N
OCA,R7,Aserca Airlines,AROSCA,Venezuela,Y
NFS,,Afrique CArgo Service Senegal,,Senegal,N
NGC,,Angoservice,ANGOSERVICE,Angola,N
NGE,,Angel Airlines,ANGEL AIR,Thailand,N
NGF,,Angel Flight America,ANGEL FLIGHT,United States,N
OUL,,Air Atonabee,CITY EXPRESS,Canada,N
OVA,,Aero Nova,AERONOVA,Spain,N
XPE,,Amira Air,EXPERT,Austria,N
XSS,,Aero Express Intercontinental,INTER EXPRESS,Mexico,N
XTJ,,Advance Aviation Services,,United States,N
TLR,,Air Libya Tibesti,AIR LIBYA,Libya,N
OVC,,Aerovic,,Ecuador,N
RVE,,Airventure,AIRVENTURE,Belgium,N
RVI,,Aero Servicios,AERO SERVICIOS,Mexico,N
RVL,,Airvallee,AIR VALLEE,Italy,N
OVE,,Aeromover,AEROMOVER,Mexico,N
OVI,,Aerovias Ejecutivas,VIAS EJECUTIVAS,Mexico,N
PTD,,Aero Servicio Pity,PITY,Mexico,N
PTE,,Aero Copter,,Mexico,N
SDM,FV,Rossiya-Russian Airlines,PULKOVO,Russia,Y
PLL,,Air Pal,AIRPAL,Spain,N
PLM,,Air Pullmantur,PULLMANTUR,Spain,N
AEH,RX,Aviaexpress,Avex,Hungary,N
PSG,,Aviones Para Servirle,SERVIAVIONES,Mexico,N
SLU,,Avio Sluzba,AVIO SLUZBA,Serbia,N
SCU,,Air Scorpio,SCORPIO UNIVERS,Bulgaria,N
SIP,,Air Spirit,AIR SPIRIT,United States,N
BMV,,Alatau Airlines,OLIGA,Kazakhstan,N
GUG,,Aviateca,AVIATECA,Guatemala,N
PXX,,Aroostook Aviation,PINE STATE,United States,N
PYC,,Aeropycsa,AEROPYCSA,Mexico,N
PVK,,Association of Private Pilots of Kazakhstan,BORIS,Kazakhstan,N
BAH,,The Amiri Flight,BAHRAIN,Bahrain,N
BAS,,Aero Services,AEROSERV,Barbados,N
BBE,,Ababeel Aviation,BABEL AIR,Sudan,N
BBT,,Air Bashkortostan,AGYDAL,Russia,N
MCY,,Ambulance Air Africa,MERCY,South Africa,N
EGF,MQ,American Eagle Airlines,EAGLE FLIGHT,United States,Y
PUE,,Aeropuelche,PUELCHE,Chile,N
PUT,,Aeroput,,Serbia,N
AZI,,Azzurra Air,AZZURRA,Italy,N
VUE,,AD Aviation,FLIGHTVUE,United Kingdom,Y
XCT,,Aero Costa Taxi Aereo,AEROCOSTAXI,Mexico,N
VRO,,Aerovitro,AEROVITRO,Mexico,N
VRI,,Aerotaxi Villa Rica,VILLARICA,Mexico,N
VEG,,Aerovega,AEROVEGA,Mexico,N
VVG,,Aerovilla,AEROVILLA,Colombia,N
VLR,,Aerolineas Villaverde,VILLAVERDE,Mexico,N
WIL,,Aero Air,WILLIAMETTE,United States,N
VEJ,,Aero Ejecutivos,VENEJECUTIV,Venezuela,N
WAB,,Aero Industries Inc,WABASH,United States,N
VNG,,Aero Servicios Vanguardia,VANGUARDIA,Mexico,N
VAD,,Aero Taxi Los Valles,VALLES,Spain,N
VMR,,Aero Vilamoura,AERO VILAMOURA,Portugal,N
VLS,,Aero Virel,VIREL,Mexico,N
XAA,,Aeronautical Radio Inc,,United States,N
VUO,,Aerovuelox,AEROVUELOX,Mexico,N
VTM,,Aeronaves TSM,AERONAVES TSM,Mexico,N
VUN,VU,Air Ivoire,AIRIVOIRE,Ivory Coast,Y
BOT,BP,Air Botswana,BOTSWANA,Botswana,Y
XPR,,Air-Rep,,United States,N
XLL,,Air Excel,TINGA-TINGA,Tanzania,N
VAE,,Air Evans,AIR-EVANS,Spain,N
WHY,,Air Sorel,AIR SOREL,Canada,N
WDR,,Air Net Private Charter,WIND RIDER,United States,N
XEC,,Air Executive Charter,,Germany,N
UPA,GS,Air Foyle,FOYLE,United Kingdom,Y
VTY,,Air Midwest,VICTORY,Nigeria,N
VTA,VT,Air Tahiti,AIR TAHITI,French Polynesia,Y
URG,3N,Air Urga,URGA,Ukraine,N
VDR,,Air Vardar,VARDAR,Macedonia,N
VIM,VL,Air VIA,,Bulgaria,Y
WLR,,Air Walser,AIRWALSER,Italy,N
URA,,Aircompany Rosavia,ROSAVIA,Ukraine,N
XLB,,Aircraft Performance Group,,United States,N
WLA,,Airwaves Airlink,AIRLIMITED,Zambia,N
XFX,,Airways Corporation of New Zealand,AIRCORP,New Zealand,N
WAY,,Airways,GARONNE,France,N
WGS,,Airwings oy,AIRWINGS,Finland,N
XAK,,Airkenya,SUNEXPRESS,Kenya,N
WPK,,Air-Lift Associates,WOLFPACK,United States,N
VAB,,Airtrans Ltd,,Russia,N
URP,,ARP 410 Airlines,AIR-ARP,Ukraine,N
WPR,,Auckland Regional Rescue Helicopter Trust,WESTPAC RESCUE,New Zealand,N
URR,,Aurora Airlines,AIR AURORA,Slovenia,N
UST,,Austro Aereo,AUSTRO AEREO,Ecuador,N
WLT,,Aviation Partners,WINGLET,United States,N
VLV,,Avialift Vladivostok,VLADLIFT,Russia,N
VME,,Aviacion Comercial de America,AVIAMERICA,Mexico,N
VVA,,Aviast Air,IALSI,Russia,N
WLV,,Aviation North,WOLVERINE,United States,N
WTA,FK,Africa West,WEST TOGO,Togo,Y
VNT,,Avient Air Zambia,AVIENT,Zambia,N
VZR,,Aviazur,IAZUR,France,N
VID,,Aviaprad,AVIAPRAD,Russia,N
VXG,G2,Avirex,AVIREX-GABON,Gabon,N
VXX,,Aviaexpress Aircompany,EXPRESSAVIA,Ukraine,N
XAM,,AMR Services Corporation,ALLIANCE,United States,N
XAO,,Airline Operations Services,,United States,N
VAZ,,Airlines 400,REMONT AIR,Russia,N
VAS,V8,ATRAN Cargo Airlines,ATRAN,Russian Federation,Y
VAM,,Ameravia,AMERAVIA,Uruguay,N
VAV,,Angkor Air,AIR ANGKOR,Cambodia,N
VBC,,AVB-2004 Ltd,AIR VICTOR,Bulgaria,N
XKX,,ASECNA,,France,N
XAT,,AT and T Aviation Division,,United States,N
VAI,,Avalair,AIR AVALAIR,Serbia,N
VRT,,Averitt Air Charter,AVERITT,United States,N
AVE,VE,Avensa,Avensa,Venezuela,N
VLI,V5,Avolar Aerolineas,AEROVOLAR,Mexico,N
VSA,,Avstar Aviation,STARBIRD,South Africa,N
VSC,,AVESCA,AVESCA,Colombia,N
XAV,,Aviaprom Enterprises,AVIAPROM,Russia,N
VTT,,Avia Trans Air Transport,VIATRANSPORT,Sudan,N
VSR,,Aviostart AS,AVIOSTART,Bulgaria,N
VTG,,Aviacao Transportes Aereos e Cargas,ATACARGO,Angola,N
XJA,,Assistance Aeroportuaire de L'Aeroport de Paris,,France,N
XFS,,American Flight Service Systems,,United States,N
XXV,,AASANA,,Bolivia,N
XME,,Australian air Express,AUS-CARGO,Australia,N
XMG,,AMS Group,,Russia,N
CAJ,,Air Caraibes Atlantique,CAR LINE,France,N
CAO,,Air China Cargo,AIRCHINA FREIGHT,China,N
CBE,,Aerovias Caribe,AEROCARIBE,Mexico,N
CBO,,Aerotaxi del Cabo,TAXI CABO,Mexico,N
CBS,,Air Columbus,AIR COLUMBUS,Ukraine,N
CBV,,Aero Cabo,CABOAEREO,Mexico,N
CCA,CA,Air China,AIR CHINA,China,Y
CDA,,Aerocardal,CARDAL,Chile,N
CDP,Q6,Aero Condor Peru,CONDOR-PERU,Peru,Y
CDU,,Aerotrans,,Russia,N
CDV,,Airline Skol,SKOL,Russia,N
CFF,,Aerofan,AEROFAN,Spain,N
CFM,,ACEF,ACEF,Portugal,N
CFR,,Africa One,,Democratic Republic of the Congo,N
CFV,,Aero Calafia,CALAFIA,Mexico,N
CGB,,Air Cargo Belize,CARGO BELIZE,Belize,N
CGV,,Aero Clube Do Algarve,CLUBE ALGARVE,Portugal,N
CGW,,Air Great Wall,CHANGCHENG,China,N
CHJ,,Aircompany Chaika,AIR CHAIKA,Ukraine,N
CHR,,Air Charter Services,ZAIRE CHARTER,Democratic Republic of the Congo,N
CHV,,Air Charter Professionals,CHARTAIR,United States,N
CID,,Asia Continental Airlines,ACID,Kazakhstan,N
CIR,5F,Arctic Circle Air Service,AIR ARCTIC,United States,N
CKL,,Aviation Charter Services,CIRCLE CITY,United States,N
CLL,,Aerovias Castillo,AEROCASTILLO,Mexico,N
CLP,,Aero Club De Portugal,CLUB PORTUGAL,Portugal,N
CMF,,Air Care Alliance,COMPASSION,United States,N
CND,,Aero Continente Dominicana,CONDOMINICANA,Dominican Republic,N
CNE,,Air Toronto,CONNECTOR,Canada,N
CNH,,Aquila Air,CHENANGO,United States,N
CNU,,Air Consul,AIR CONSUL,Spain,N
CNX,,Allcanada Express,CANEX,Canada,N
CPF,,ATS Private Company,TECHSERVICE,Ukraine,N
CRD,QC,Air Corridor,AIR CORRIDOR,Mozambique,N
CRF,NV,Air Central,AIR CENTRAL,Japan,N
CRJ,,Air Cruzal,AIR CRUZAL,Angola,N
CRP,,Aerotransportes Corporativos,AEROTRANSCORP,Mexico,N
CRQ,,Air Creebec,CREE,Canada,N
CTA,,Aero Charter and Transport,CHAR-TRAN,United States,N
CTE,,Air Tenglong,TENGLONG,China,N
CTR,,Aerlineas Centauro,CENTAURO,Mexico,N
CUO,,Aerocuahonte,CUAHONTE,Mexico,N
CVA,CV,Air Chathams,CHATHAM,New Zealand,Y
CWM,CW,Air Marshall Islands,AIR MARSHALLS,Marshall Islands,Y
CWP,,Australian Customs Service,COASTWATCH,Australia,N
CYL,,Air One Cityliner,CITYLINER,Italy,N
CYO,,Air Transport,COYOTE,United States,N
CYD,ZA,Access Air,CYCLONE,United States,Y
CYE,,Aerocheyenne,AEROCHEYENNE,Mexico,N
DAH,AH,Air Algerie,AIR ALGERIE,Algeria,Y
DAP,,Aerovias DAP,DAP,Chile,N
DBA,,Air Alpha,DOUBLE-A,United States,N
DBD,,Air Niagara Express,AIR NIAGARA,Canada,N
DEF,,Aviation Defense Service,TIRPA,France,N
DEG,,Air Service Groningen,DEGGER,Netherlands,N
DHI,KI,Adam Air,ADAM SKY,Indonesia,Y
DHL,ER,Astar Air Cargo,DAHL,United States,N
DHM,,Archer Aviation,ARCHER,United Kingdom,N
DIC,,Aeromedica,AEROMEDICA,Mexico,N
DIN,,Aerodin,AERODIN,Mexico,N
DJA,HO,Antinea Airlines,ANTINEA,Algeria,N
DJU,,Air Djibouti,AIR DJIB,Djibouti,N
DLA,EN,Air Dolomiti,DOLOMOTI,Italy,Y
DLS,,Aero Modelo,AEROMODELO,Mexico,N
DLU,,Aerolineas Del Sur,DEL SUR,Chile,N
DMC,,Aerodinamica de Monterrey,DINAMICAMONT,Mexico,N
DMI,,Aeroservicios Dinamicos,AERODINAMICO,Mexico,N
DML,,Aerotaxis Dosmil,,Mexico,N
DNA,,Aerodespachos De El Salvador,AERODESPACHOS,El Salvador,N
DNC,,Aeroynamics Malaga,FLYINGOLIVE,Spain,N
DNJ,,Aerodynamics Incorporated,DYNAJET,United States,N
DNV,D9,Aeroflot-Don,DONAVIA,Russia,Y
DRD,NM,Air Madrid,ALADA AIR,Spain,Y
DRM,,Airways Flight Training,DARTMOOR,United Kingdom,N
DRO,,Aeronaves Del Noreste,AERONORESTE,Mexico,N
DSC,,Addis Air Cargo Services,ADDIS CARGO,Ethiopia,N
DSK,,Aero Algarve,SKYBANNER,Portugal,N
DST,,Aex Air,DESERT,United States,N
DVI,,Aero Davinci International,AERO DAVINCI,Mexico,N
DYN,,Aero Dynamics,AERO DYNAMIC,United States,N
EAE,,Aeroservicios Ecuatorianos,AECA,Ecuador,N
EAP,,Aero-Pyrenees,AERO-PYRENEES,France,N
EAT,,Air Transport,TRANS EUROPE,Slovakia,N
EAY,EE,Aero Airlines,REVAL,Estonia,N
EBC,,Aero Ejecutivo De Baja California,CALIXJET,Mexico,N
ECE,4F,Air City,AIRCITY,Germany,N
ECG,,Aero Ejecutivos RCG,EJECTUIVOS RCG,Mexico,N
ECL,,Aeronautica Castellana,AERO CASTELLANA,Spain,N
ECM,,Aerolineas Comerciales,AERO COMERCIALES,Mexico,N
EDA,,Aerolineas Nacionales Del Ecuador,ANDES,Ecuador,N
EET,,Air Este,AESTE,Spain,N
EFC,,Air Mana,FLIGHT TAXI,France,N
EIN,EI,Aer Lingus,SHAMROCK,Ireland,Y
EJP,,Aeroservicios Ejecutivos Corporativos,EJECCORPORATIVOS,Mexico,N
ELG,E8,Alpi Eagles,ALPI EAGLES,Italy,N
END,,Arrendoora y Transportadora Aerea,ARRENDADORA,Mexico,N
EOS,,Eliossola,ELIOSSOLA,Italy,N
EPA,,Shenzhen Donghai Airlines,DONGHAI AIR,China,N
ENW,,Aeronaves Del Noroeste,AERONOR,Spain,N
EOL,,Airailes,EOLE,France,N
EOM,,Aero Ermes,AERO ERMES,Mexico,N
EPL,,Aero Transportes Empresariales,EMPRESARIALES,Mexico,N
EPS,,Epps Air Service,EPPS AIR,United States,N
EPE,,Aero Empresarial,AEROEMPRESARIAL,Mexico,N
EQL,KY,Air S,EQUATORIAL,Air S,N
ERG,,Avianergo,AVIANERGO,Russia,N
ERI,,Aero Servicios Regiomontanos,ASERGIO,Mexico,N
ERK,,Aerosec,AEROSEC,Chile,N
ERM,,Aeromaan,EOMAAN,Mexico,N
ESB,,Aerosaba,AEROSABA,Mexico,N
ESO,,Avitat,,United Kingdom,N
ESU,,Aerolineas Ejecutivas Del Sureste,ALESUR,Mexico,N
ESZ,,Aeronautica Le Esperanza,ESPERANZA,Mexico,N
ETC,,ATTICO,TRANATTICO,Sudan,N
ETE,,Aero Siete,AEROSIETE,Mexico,N
EUK,,Air Atlanta Europe,SNOWBIRD,United Kingdom,N
EVE,,Air Evex,SUNBEAM,Germany,N
EVR,,Aeronautical Academy of Europe,DIANA,Portugal,N
EXG,,Air Exchange,EXCHANGE,United States,N
FAC,,Atlantic Helicopters,FAROECOPTER,Denmark,N
FAG,,Argentine Air Force,FUAER,Argentina,N
FAJ,PC,Air Fiji,FIJIAIR,Fiji,N
FAN,,AF-Air International,FANBIRD,Angola,N
FBW,,Aviation Data Systems,,United States,N
FCI,,Air Carriers,FAST CHECK,United States,N
FCO,,Aerofrisco,AEROFRISCO,Mexico,N
FCU,,Alfa 4,,Mexico,N
FDA,,African Airlines,AIR SANKORE,Mali,N
FDS,,African Medical and Research Foundation,FLYDOC,Kenya,N
FGT,,Aero Freight,FREIAERO,Mexico,N
FIC,,Aerosafin,AEROSAFIN,Mexico,N
FIF,OF,Air Finland,AIR FINLAND,Finland,Y
FII,,Aerodata Flight Inspection,FLIGHT CHECKER,Germany,N
FIX,,Airfix Aviation,AIRFIX,Finland,Y
FJI,FJ,Air Pacific,PACIFIC,Fiji,Y
FLD,,Air Falcon,,Pakistan,N
FLI,RC,Atlantic Airways,FAROELINE,Faroe Islands,Y
FLZ,QH,Air Florida,AIR FLORIDA,United States,Y
FMT,,Air Fret De Mauritanie,,Mauritania,N
FNM,,Avio Nord,,Italy,N
FNO,,Aeroflota Del Noroeste,RIAZOR,Spain,N
FNX,,Aero Fenix,AERO FENIX,France,N
FRD,,Ford Motor Company,FORD,United States,N
FPY,,African Company Airlines,AFRICOMPANY,Democratic Republic of the Congo,N
FRJ,,Afrijet Airlines,AFRIJET,Nigeria,N
FRK,,Afrika Aviation Handlers,AFRIFAST,Kenya,N
FRQ,,Afrique Chart'air,CHARTER AFRIQUE,Cameroon,N
FRT,,Aerofreight Airlines,,Russia,N
FST,,Aereos Limited,FAST TRACK,United Kingdom,N
FTC,,Air Affaires Tchad,AFFAIRES TCHAD,Chad,N
FTY,,ABC Bedarsflug,FLY TYROL,Austria,N
FXI,NY,Air Iceland,FAXI,Iceland,Y
GAP,2P,Air Philippines,ORIENT PACIFIC,Philippines,Y
GAU,,Aerogaucho,AEROGAUCHO,Uruguay,N
GBJ,,Aero Business Charter,GLOBAL JET,Germany,N
GBN,,Atlantic Airlines,ATLANTIC GABON,Gabon,N
GCF,,Aeronor,AEROCARTO,Spain,N
GCK,,Aerogem Cargo,AEROGEM,Ghana,N
GFO,,Aerovias del Golfo,AEROVIAS GOLFO,Mexico,N
GGL,,Aeronautica,GIRA GLOBO,Angola,N
GGN,ZX,Air Georgian,GEORGIAN,Canada,N
GHL,,Aviance,HANDLING,United Kingdom,N
GHN,,Air Ghana,AIR GHANA,Ghana,N
GIL,,African International Transport,AFRICAN TRANSPORT,Guinea,N
GIP,2U,Air Guinee Express,FUTURE EXPRESS,Guinea,Y
GIZ,,Africa Airlines,AFRILENS,Guinea,N
GLL,,Air Gemini,TWINS,Angola,N
GLT,,Aero Charter,GASLIGHT,United States,N
GME,,Aguilas Mayas Internacional,MAYAN EAGLES,Guatemala,N
GMM,,Aerotaxis Guamuchil,AEROGUAMUCHIL,Mexico,N
GMS,,Aeroservicios Gama,SERVICIOS GAMA,Mexico,N
GNT,0A,Amber Air,GINTA,Lithuania,N
GOA,,Alberta Government,ALBERTA,Canada,N
GRE,,Air Scotland,GREECE AIRWAYS,Greece,N
GRG,DA,Air Georgia,AIR GEORGIA,Georgia,N
GRI,,Air Cargo Center,,Sao Tome and Principe,N
GRL,GL,Air Greenland,GREENLAND,Denmark,Y
GRO,LL,Allegro,ALLEGRO,Mexico,N
GRR,,Agroar - Trabalhos Aereos,AGROAR,Portugal,N
GRX,,Aircompany Grodno,GRODNO,Belarus,N
GSP,,Airlift Alaska,GREEN SPEED,United States,N
GSV,,Agrocentr-Avia,AGRAV,Kazakhstan,N
GTC,,Altin Havayolu Tasimaciligi Turizm Ve Ticaret,GOLDEN WINGS,Turkey,N
GTI,5Y,Atlas Air,GIANT,United States,Y
GTP,,Aerotaxi Grupo Tampico,GRUPOTAMPICO,Mexico,N
GUA,,Aerotaxis de Aguascalientes,AGUASCALIENTES,Mexico,N
GUY,GG,Air Guyane,GREEN BIRD,French Guiana,Y
GVI,,Air Victoria Georgia,IRINA,Georgia,N
HAD,H9,Air D'Ayiti,HAITI AVIA,Haiti,N
HAH,GG,Air Comores International,AIR COMORES,Comoros,N
HAT,,Air Taxi,TAXI BIRD,France,N
HEI,,Aerohein,AEROHEIN,Chile,N
HGH,,Atlantic Air Lift,HIGHER,France,N
HHA,,Atlantic Airlines de Honduras,ATLANTIC HONDURAS,Honduras,N
HID,,Aviacion Ejecutiva De Hildago,EJECUTIVA HIDALGO,Mexico,N
HJA,,Air Haiti,AIRHAITI,Haiti,N
HJT,,Al Rais Cargo,AL-RAIS CARGO,United Arab Emirates,N
HKH,,Air-Invest,HAWKHUNGARY,Hungary,N
HMA,,Air Tahoma,TAHOMA,United States,N
HMT,,Air Nova,HAMILTON,Canada,N
HOM,,Aero Homex,AERO HOMEX,Mexico,N
HPO,,Almiron Aviation,ALMIRON,Uganda,N
HQO,,Avinor,,Norway,N
HYR,,Airlink Airways,HIGHFLYER,Ireland,N
HZT,8C,Air Horizon,HORIZON TOGO,Togo,N
IAE,,AC Insat-Aero,,Russia,N
ICM,,Air Inter Cameroun,INTER-CAMEROUN,Cameroon,N
IFI,,Air Lift,HELLAS LIFT,Greece,N
IKM,,Aero Survey,GHANA SURVEY,Ghana,N
ILK,,Aero Airline,ILEK,Kazakhstan,N
IME,,Airtime Charters,AIRTIME,United Kingdom,N
IMN,,Aerotaxis Cimarron,TAXI CIMARRON,Mexico,N
INA,,Aero International,AERO-NACIONAL,Mexico,N
ING,,Aeroingenieria,AEROINGE,Chile,N
INO,,Aeroservicios Intergrados de Norte,INTENOR,Mexico,N
IPL,,Airpull Aviation,IPULL,Spain,N
IRD,,Arvand Airlines,ARVAND,Iran,N
IRH,,Atlas Aviation Group,ATLAS AVIA,Iran,N
IRW,,Aram Airline,ARAM,Iran,N
IRX,,Aria Tour,ARIA,Iran,N
ITE,,Aerotaxi,AEROTAXI,Czech Republic,N
ITF,,Avita-Servicos Aereos,AIR AVITA,Angola,N
ITO,,Aero Citro,AERO CITRO,Mexico,N
IVE,,Air Executive,COMPANY EXEC,Spain,N
IWS,,Aviainvest,,Russia,N
JAB,W9,Air Bagan,AIR BAGAN,Myanmar,Y
JAD,,Aerojal,AEROJAL,Mexico,N
JAR,,Airlink,AIRLINK,Austria,N
JEE,,Ambjek Air Services,AMBJEK AIR,Nigeria,N
UTX,,Avfinity,,United States,N
JMR,,Alexandair,ALEXANDAIR,Canada,N
JMX,,Air Jamaica Express,JAMAICA EXPRESS,Jamaica,N
JOA,,Air Swift Aviation,,Australia,N
JOB,,Aerojobeni,JOBENI,Mexico,N
JOL,IP,Atyrau Air Ways,EDIL,Kazakhstan,N
JPR,,Aerosmith Aviation,JASPER,United States,N
JTS,,Arrendamiento de Aviones Jets,AVIONESJETS,Mexico,N
JUA,,Aero Juarez,JUAREZ,Mexico,N
JZA,QK,Air Canada Jazz,JAZZ,Canada,Y
KAA,,Asia Aero Survey and Consulting Engineers,AASCO,Republic of Korea,N
KAD,,Air Kirovograd,AIR KIROVOGRAD,Ukraine,N
KAM,,Air Mach,ICO-AIR,Italy,N
KAV,,Air Kufra,AIRKUFRA,Libya,N
KEK,,Arkhabay,ARKHABAY,Kazakhstan,N
KFK,,Aero Charter Krifka,KRIFKA AIR,Austria,N
KFT,,Air Kraft Mir,AIR KRAFT MIR,Uzbekistan,N
KGD,,Air Concorde,CONCORDE AIR,Bulgaria,N
KHH,,Alexandria Airlines,,Egypt,N
KIE,,Afit,TWEETY,Germany,N
KKB,,Air South,KHAKI BLUE,United States,N
KKK,KK,Atlasjet,ATLASJET,Turkey,Y
KLB,,Air Mali International,TRANS MALI,Mali,N
KLZ,,Aerokaluz,AEROKALUZ,Mexico,N
KOR,JS,Air Koryo,AIR KORYO,Democratic People's Republic of Korea,Y
KOY,,Araiavia,ALEKS,Kazakhstan,N
KRE,,AeroSucre,AEROSUCRE,Colombia,N
KRT,,Air Kokshetau,KOKTA,Kazakhstan,N
KSI,,Air Kissari,KISSARI,Angola,N
KTN,,Aeronavigaciya,AERONAVIGACIYA,Ukraine,N
KVR,,Alliance Avia,KAVAIR,Kazakhstan,N
KYC,,Av Atlantic,DOLPHIN,United States,N
KZR,KC,Air Astana,ASTANALINE,Kazakhstan,Y
LAG,,Aerovias De Lagos,AEROLAGOS,Mexico,N
LBC,LV,Albanian Airlines,ALBANIAN,Albania,Y
LBI,,Albisa,ALBISA,Mexico,N
LBW,,Albatros Airways,ALBANWAYS,Albania,N
LDG,,Aerolineas Aereas Ejecutivas De Durango,DURANGO,Mexico,N
LDL,,Aerologic,,Russia,N
LDN,,Al-Donas Airlines,ALDONAS AIR,Nigeria,N
LDR,,Aero Lider,AEROLIDER,Mexico,N
LEM,,Aleem,,Egypt,N
LET,,Aerolineas Ejecutivas,MEXEJECUTIV,Mexico,N
LFA,,Air Alfa,,Turkey,Y
LFC,,Aero Control Air,LIFE FLIGHT CANADA,Canada,N
LGN,,Aerolaguna,AEROLAGUNA,Mexico,N
LHR,,Al Ahram Aviation,AL AHRAM,Egypt,N
LID,D4,Alidaunia,ALIDA,Italy,N
LIE,,Al-Dawood Air,AL-DAWOOD AIR,Nigeria,N
LKP,,American Aviation,LAKE POWELL,United States,N
LKS,,Airlink Solutions,AIRLIN,Spain,N
LKY,,Air Solutions,LUCKY,United States,N
LLR,CD,Alliance Air,ALLIED,India,N
LMA,,Aerolima,AEROLIMA,Mexico,N
LML,,Alamia Air,ALAMIA AIR,Libya,N
LMP,,Air Plus Argentina,AIR FLIGHT,Argentina,N
LMT,,Almaty Aviation,ALMATY,Kazakhstan,N
LMX,,Aerolineas Mexicanas J S,LINEAS MEXICANAS,Mexico,N
LMY,,Air Almaty,AGLEB,Kazakhstan,N
LMZ,,Air Almaty ZK,ALUNK,Kazakhstan,N
LNE,XL,Aerolane,LAN ECUADOR,Ecuador,Y
LNK,,Airlink,LINK,South Africa,N
LNT,,Aerolineas Internacionales,LINEAINT,Mexico,N
LOK,,Alok Air,ALOK AIR,Sudan,N
LOU,,Air Saint Louis,AIR SAINTLOUIS,Senegal,N
LPC,,Alpine Aviation,NETSTAR,South Africa,N
LPV,A6,Air Alps Aviation,ALPAV,Austria,N
LRO,,Alrosa-Avia,ALROSA,Russia,N
LRW,,Al Rida Airways,AL RIDA,Mauritania,N
LSK,,Aurela,AURELA,Lithuania,N
LSM,,Aerobusinessservice,,Russia,N
LSR,,Alsair,ALSAIR,France,N
LTI,,Aerotaxis Latinoamericanos,LATINO,Mexico,N
LUC,,Alninati Aeronautics,STEF,Switzerland,N
LUR,TD,Atlantis European Airways,,Armenia,Y
LVN,,Aliven,ALIVEN,Italy,N
LVR,,Aviavilsa,AVIAVILSA,Lithuania,N
LXG,L8,Air Luxor GB,LUXOR GOLF,Guinea-Bissau,N
LXR,LK,Air Luxor,AIRLUXOR,Portugal,Y
LYT,,Apatas Air,APATAS,Lithuania,N
LZP,,Air Ban,DOC AIR,Bulgaria,N
LZR,,Air Lazur,LAZUR BEE-GEE,Bulgaria,N
MAM,,Aerodromo De La Mancha,AEROMAN,Spain,N
MAU,MK,Air Mauritius,AIRMAURITIUS,Mauritius,Y
MBA,,Avag Air,AVAG AIR,Austria,N
MBB,,Air Manas,AIR MANAS,Kyrgyzstan,N
MBC,,Airjet Exploracao Aerea De Carga,MABECO,Angola,N
MBV,,Aeriantur-M,AEREM,Moldova,N
MCB,,Air Mercia,WESTMID,United Kingdom,N
MCD,,Air Medical,AIR MED,United Kingdom,N
MCO,,Aerolineas Marcos,MARCOS,Mexico,N
MDC,,Atlantic Aero and Mid-Atlantic Freight,NIGHT SHIP,United States,N
MDG,MD,Air Madagascar,AIR MADAGASCAR,Madagascar,Y
MDX,,Aerosud Charter,MEDAIR,South Africa,N
MEF,,Air Meridan,EMPENNAGE,Nigeria,N
MFL,,Aero McFly,MCFLY,Mexico,N
MGE,,Asia Pacific Airlines,MAGELLAN,United States,N
MGS,,Aeromagar,AEROMAGAR,Mexico,N
MIE,,Aero Premier De Mexico,AEROPREMIER,Mexico,N
MLD,9U,Air Moldova,AIR MOLDOVA,Moldova,Y
MLF,,Amal Airlines,AMAL,Djibouti,N
MLI,,Air Mali,AIR MALI,Mali,N
MLN,,Air Madeleine,AIR MADELEINE,Canada,N
MMC,,Aermarche,AERMARCHE,Italy,N
MMD,,Air Alsie,MERMAID,Denmark,N
MMM,,Aviation Company Meridian,AVIAMERIDIAN,Russia,N
MMP,,AMP Incorporated,AMP-INC,United States,N
MMX,,Airmax,PERUMAX,Peru,N
MNE,,Aerolineas Amanecer,AEROAMANECER,Mexico,N
MNG,M0,Aero Mongolia,AERO MONGOLIA,Mongolia,N
MOC,,Air Monarch Cargo,MONARCH CARGO,Mexico,N
MOP,,Aeropublicitaria De Angola,PUBLICITARIA,Angola,N
MOR,,Aerolineas De Morelia,AEROMORELIA,Mexico,N
MPD,A7,Air Plus Comet,RED COMET,Spain,Y
MPX,QO,Aeromexpress,AEROMEXPRESS,Mexico,N
MQT,,Air ITM,MUSKETEER,France,N
MRL,,Aeromorelos,AEROMORELOS,Mexico,N
MRM,,Aerocharter,MARITIME,Canada,N
MRP,,Abas,ABAS,Czech Republic,N
MRT,MR,Air Mauritanie,MIKE ROMEO,Mauritania,N
MSC,,Air Cairo,,Egypt,N
MSK,,Air Sport,AIR SPORT,Bulgaria,N
MSM,,Aeromas,AEROMAS EXPRESS,Uruguay,N
MSO,,Aerol,MESO AMERICANAS,Mexico,N
MSV,,Aero-Kamov,AERAFKAM,Russia,N
MTB,,Aerotaxis Metropolitanos,AEROMETROPOLIS,Mexico,N
MTE,,Aeromet Linea Aerea,AEROMET,Chile,N
MTK,,Air Metack,AIRMETACK,Angola,N
MTY,,Air Montegomery,MONTY,United Kingdom,N
MXO,,Aerotaxi Mexicano,MAXAERO,Mexico,N
MYS,,Aero Yaqui Mayo,AERO YAQUI,Mexico,N
MZK,,AVC Airlines,,Japan,N
MZL,,Aerovias Montes Azules,MONTES AZULES,Mexico,N
NBK,F4,Albarka Air,AL-AIR,Nigeria,N
NCL,,ACA-Ancargo Air Sociedade de Transporte de Carga Lda,ANCARGO AIR,Angola,N
NEL,,Aero Servicios de Nuevo Laredo,AEROLAREDO,Mexico,N
NGV,,Angoavia,ANGOAVIA,Angola,N
NID,,Aeroni,AERONI,Mexico,N
NIE,,Aeroejecutiva Nieto,AERONIETO,Mexico,N
NIG,AJ,Aero Contractors,AEROLINE,Nigeria,Y
NKZ,,Aerokuzbass,NOVOKUZNETSK,Russia,N
NPT,,Atlantic Airlines,NEPTUNE,United Kingdom,N
NRS,,Atlantic Richfield Company,NORTH SLOPE,United States,N
NSO,,Aerolineas Sosa,SOSA,Honduras,N
NTD,,Aero Norte,,Mexico,N
NTV,,Air Inter Ivoire,INTER-IVOIRE,Ivory Coast,N
NUL,,Aeroservicios De Nuevo Leon,SERVICIOS NUEVOLEON,Mexico,N
NVI,,Avial NV Aviation Company,NEW AVIAL,Russia,N
NWG,,Airwing,NORWING,Norway,N
NXA,,Air Next,BLUE-DOLPHIN,Japan,N
OAO,,Arkhangelsk 2 Aviation Division,DVINA,Russia,N
OGI,,Aerogisa,AEROGISA,Mexico,N
OLV,,Aerolineas Olve,OLVE,Mexico,N
OMG,,Aeromega,OMEGA,United Kingdom,N
ONR,,Air One Nine,EDER,Libya,N
ONT,,Air Ontario,ONTARIO,Canada,N
ORP,,Aerocorp,CORPSA,Mexico,N
ORS,,Action Air,AVIATION SERVICE,Italy,N
OSN,,Aerosan,AEROSAN,Mexico,N
OSO,,Aviapartner Limited Company,,Russia,N
PAJ,,Aliparma,ALIPARMA,Italy,N
PBT,,Air Parabet,PARABET,Bangladesh,N
PBU,8Y,Air Burundi,AIR-BURUNDI,Burundi,N
PCG,,Aeropostal Cargo de Mexico,POSTAL CARGO,Mexico,N
PCK,,Air Pack Express,AIRPACK EXPRESS,Spain,N
PCS,,Air Palace,AIR PALACE,Mexico,N
PEL,OT,Aeropelican Air Services,PELICAN,Australia,Y
PFI,,Aerolineas Chihuahua,PACIFICO CHIHUAHUA,Mexico,N
PFT,,Air Cargo Express International,PROFREIGHT,United States,N
PHR,,Al Farana Airline,PHARAOH,Egypt,N
PHW,,Ave.com,PHOENIX SHARJAH,United Arab Emirates,N
PIE,,Air South West,PIRATE,United Kingdom,N
PIF,,Aeroservicios California Pacifico,AEROCALPA,Mexico,N
PKA,,AST Pakistan Airways,PAKISTAN AIRWAY,Pakistan,N
PNL,,Aero Personal,AEROPERSONAL,Mexico,N
PNU,,Aero Servicios Platinum,AERO PLATINUM,Mexico,N
POY,,Apoyo Aereo,APOYO AEREO,Mexico,N
PRI,,Aerotransportes Privados,AEROPRIV,Mexico,N
PRT,,Atlantic Coast Jet,PATRIOT,United States,N
PRZ,AD,Air Paradise International,RADISAIR,Indonesia,N
PSE,,Aeroservicio Sipse,SIPSE,Mexico,N
PSL,,Aeroservicios Corporativos De San Luis,CORSAN,Mexico,N
PVA,,Aerotransportes Privados,TRANSPRIVADO,Mexico,N
PZA,,Aereo Taxi Paraza,AEREO PARAZA,Mexico,N
QCL,QD,Air Class Lineas Aereas,ACLA,Uruguay,N
QEA,,Aviation Consultancy Office,,Australia,N
QAT,,Aero Taxi,AIR QUASAR,Canada,N
QKC,,Aero Taxi Aviation,QUAKER CITY,United States,N
QLA,,Aviation Quebec Labrador,QUEBEC LABRADOR,Canada,N
QSC,QS,African Safari Airways,ZEBRA,Kenya,N
QUI,,Aero Quimmco,QUIMMCO,Mexico,N
RAD,,Alada,AIR ALADA,Angola,N
RAI,,Aerotur-Air,DIASA,Kazakhstan,N
RAP,,Air Center Helicopters,RAPTOR,United States,N
RBE,,Aur Rum Benin,RUM BENIN,Benin,N
RBJ,,Aeroserivios Del Bajio,AEROBAJIO,Mexico,N
RBU,4Y,Airbus France,AIRBUS FRANCE,France,N
RBV,,Air Roberval,AIR ROBERVAL,Canada,N
RBX,,Arubaexel,ARUBA,Aruba,N
RCC,,Air Charters Eelde,RACER,Netherlands,N
RCE,,Aerocer,AEROCER,Mexico,N
RCF,,Aeroflot-Cargo,AEROFLOT-CARGO,Russia,N
RCH,MC,Air Mobility Command,REACH,United States,N
RCI,,Air Cassai,AIR CASSAI,Angola,N
RCO,,Aero Renta De Coahuila,AEROCOAHUILA,Mexico,N
RCP,,Aerocorp,AEROCORPSA,Mexico,N
RCQ,,Aerolineas Regionales,REGIONAL CARGO,Mexico,N
RCU,,Atlantic S.L.,AIR COURIER,Spain,N
RCX,,Air Service Center,SERVICE CENTER,Italy,N
RDD,,Adygeya Airlines,ADLINES,Russia,N
RDM,,Air Ada,AIR ADA,Mauritania,N
REA,RE,Aer Arann,AER ARANN,Ireland,Y
REN,,Aero-Rent,AERORENT,Mexico,N
RES,,Australian Maritime Safety Authority,RESCUE,Australia,N
REU,UU,Air Austral,REUNION,France,Y
REY,,Aero-Rey,AEROREY,Mexico,N
RFC,,Aero Africa,AERO AFRICA,Swaziland,N
RFD,,Aerotransportes Rafilher,RAFHILER,Mexico,N
RGO,,Argo,ARGOS,Dominican Republic,N
RGT,,Airbourne School of Flying,AIRGOAT,United Kingdom,N
RHL,,Air Archipels,ARCHIPELS,France,N
RIF,,Aviation Ministry of the Interior of the Russian Federation,INTERMIN AVIA,Russian Federation,N
RIS,,Aeris Gestion,AERIS,Spain,N
RIT,6K,Asian Spirit,ASIAN SPIRIT,Philippines,Y
RJS,,Aeroservicios Jet,ASERJET,Mexico,N
RKA,RK,Air Afrique,AIRAFRIC,Ivory Coast,Y
RLA,A5,Airlinair,AIRLINAIR,France,Y
RLK,,Air Nelson,,New Zealand,N
RLL,,Air Leone,AEROLEONE,Sierra Leone,N
RLN,QL,Aero Lanka,AERO LANKA,Sri Lanka,Y
RLZ,,Air Alize,ALIZE,France,N
RMD,,Air Amder,AIR AMDER,Mauritania,N
RME,,Armenian Airlines,ARMENIAN,Armenia,N
RML,MV,Armenian International Airways,,Armenia,N
RMO,,Arm-Aero,ARM-AERO,Armenia,N
RMX,,Air Max,AEROMAX,Bulgaria,N
RNE,20,Air Salone,AIR SALONE,Sierra Leone,Y
RNM,,Aeronem Air Cargo,AEROMNEM,Ecuador,N
RNR,,Air Cargo Masters,RUNNER,United States,N
RNV,U8,Armavia,ARMAVIA,Armenia,Y
ROE,,Aeroeste,ESTE-BOLIVIA,Bolivia,N
ROH,,Aero Gen,AEROGEN,Mexico,N
ROI,,Avior Airlines,AVIOR,Venezuela,N
ROL,,Aeroel Airways,AEROEL,Israel,N
ROM,BQ,Aeromar,BRAVO QUEBEC,Dominican Republic,N
ROO,,Aeroitalia,AEROITALIA,Italy,N
ROD,,Aerodan,AERODAN,Mexico,N
RPB,P5,AeroRep,AEROREPUBLICA,Colombia,Y
RPC,,Aerolineas Del Pacifico,AEROPACSA,Ecuador,N
RRC,,Aero Roca,AEROROCA,Mexico,N
RRE,,Aerotransportes Internacionales De Torreon,AERO TORREON,Mexico,N
RRM,,Acvila Air-Romanian Carrier,AIR ROMANIA,Romania,N
RSC,,Aerolineas Ejecutivas Tarascas,TARASCAS,Mexico,N
RSR,BF,Aero-Service,CONGOSERV,Republic of the Congo,Y
RSU,5L,Aerosur,AEROSUR,Bolivia,Y
RTE,,Aeronorte,LUZAVIA,Portugal,Y
RTH,,Artis,ARTHELICO,France,N
RTO,,Arhabaev Tourism Airlines,ARTOAIR,Kazakhstan,N
RTQ,,Air Turquoise,TURQUOISE,France,N
RTU,,Aerotucan,AEROTUCAN,Mexico,N
RUD,,Air Anastasia,ANASTASIA,Ukraine,N
RUM,,Air Rum,AIR RUM,Sierra Leone,N
RUN,,ACT Havayollari,CARGO TURK,Turkey,N
RVP,,Air VIP,AEROVIP,Portugal,N
RVT,,Aircompany Veteran,AIR-VET,Armenia,N
RWB,,Alliance Express Rwanda,,Rwanda,N
RWC,,Arrow Ecuador Arrowec,ARROWEC,Ecuador,N
RWY,,Aerogroup 98 Limited,TYNWALD,United Kingdom,N
RXT,,Aeroxtra,AERO-EXTRA,Mexico,N
RXX,,Express Air Charter,REX AIR,Canada,N
RWS,,Air Whitsunday,,Australia,N
RZL,,Aero Zambia,AERO ZAMBIA,Zambia,N
RZN,,Aero Zano,ZANO,Mexico,N
RZZ,,Anoka Air Charter,RED ZONE,United States,N
SBH,,Aerosaab,AEROSAAB,Mexico,N
SCD,,Associated Aviation,ASSOCIATED,Nigeria,N
SCM,,American Jet International,SCREAMER,United States,N
SDO,EX,Air Santo Domingo,AERO DOMINGO,Dominican Republic,N
SDP,,Aero Sudpacifico,SUDPACIFICO,Mexico,N
SEF,,Aero Servicios Ejecutivas Del Pacifico,SERVIPACIFICO,Mexico,N
SER,JR,Aero California,AEROCALIFORNIA,Mexico,N
SFM,,A-Safar Air Services,AIR SAFAR,Nigeria,N
SGV,,Aerosegovia,SEGOVIA,Nicaragua,N
SHH,,Airshare Holdings,AIRSHARE,United Kingdom,N
SIY,,Aerosiyusa,SIYUSA,Mexico,N
SIZ,,Aero Silza,AEROSILZA,Mexico,N
SJN,,Air San Juan,SAN JUAN,United States,N
SKP,,Aero-North Aviation Services,SKIPPER,Canada,N
SMI,,Aero Sami,SAMI,Mexico,N
SMJ,Z3,Avient Aviation,AVAVIA,Zimbabwe,Y
SOD,,Aerolineas Sol,ALSOL,Mexico,N
SOE,,Air Soleil,AIR SOLEIL,Mauritania,N
SOG,,Aero Soga,AEROSOGA,Guinea-Bissau,N
SPD,,Airspeed Aviation,SPEEDLINE,Canada,N
SPJ,M3,Air Service,AIR SKOPJE,Macedonia,N
SPO,,Aeroservicios Ejecutivos Del Pacifico,EJECTUIV PACIFICO,Mexico,N
SPY,,Asian Aerospace Service,THAI SPACE,Thailand,N
SPZ,,Airworld,SPEED SERVICE,South Africa,N
SQR,,Alsaqer Aviation,ALSAQER AVIATION,Libya,N
SRI,,Air Safaris and Services,AIRSAFARI,New Zealand,N
SRV,,Aero Servicio Corporativo,SERVICORP,Mexico,N
SSL,,Air Sultan,SIERRA SULTAN,Sierra Leone,N
SSM,,Aero 1 Pro-Jet,RAPID,Canada,N
SSN,,Airquarius Air Charter,SUNSTREAM,South Africa,N
STK,,Aeropac,SAT PAK,United States,N
STT,,Air St. Thomas,PARADISE,United States,N
SUE,,Aerolineas Del Sureste,AEROSURESTE,Mexico,N
SUY,,Aerial Surveys (1980) Limited,SURVEY,New Zealand,N
SVK,GM,Air Slovakia,SLOVAKIA,Slovakia,N
SWH,,Adler Aviation,SHOCKWAVE,Canada,N
SYL,R3,Aircompany Yakutia,AIR YAKUTIA,Russia,Y
SYT,,Aerosud Aviation,SKYTRACK,South Africa,N
TAA,,Aeroservicios de La Costa,AERO COSTA,Mexico,N
TAO,VW,Aeromar,TRANS-AEROMAR,Mexico,Y
TBL,,Aerotrebol,AEROTREBOL,Mexico,N
TBO,,Aero Taxi de Los Cabos,AERO CABOS,Mexico,N
TCI,JY,Air Turks and Caicos,KERRMONT,Turks and Caicos Islands,N
TCO,,Aerotranscolombina de Carga,TRANSCOLOMBIA,Colombia,N
TDG,,Air Cargo Express,TURBO DOG,United States,N
TDT,,Atlas Helicopters,TRIDENT,United Kingdom,N
TDY,,Air Today,AIR TODAY,United States,N
TED,,Aero Servicios Azteca,AEROAZTECA,Mexico,N
TFL,OR,Arkefly,ARKEFLY,Netherlands,Y
TIR,,Antair,ANTAIR,Mexico,N
TLB,,Atlantique Air Assistance,TRIPLE-A,France,N
TLD,,Aero Taxi Autlan,AEREO AUTLAN,Mexico,N
TLE,,Aero Util,AEROUTIL,Mexico,N
TLU,,Aero Toluca Internactional,AEROTOLUCA,Mexico,N
TME,,Aero Taxi del Centro de Mexico,TAXICENTRO,Mexico,N
TOC,,Aerotropical,TROPICMEX,Mexico,N
TOH,,Air Tomisko,TOMISKO CARGO,Serbia,N
TOK,CG,Airlines PNG,BALUS,Papua New Guinea,Y
TON,,Aero Tanala,AEROTANALA,Mexico,N
TPB,,Aero Tropical,AERO TROPICAL,Angola,N
TPC,TY,Air Cal,AIRCAL,France,N
TPK,,Air Horizon,TCHAD-HORIZON,Chad,N
TPO,,Aero Taxi del Potosi,TAXI-POTOSI,Mexico,N
TQS,,Aeroturquesa,AEROTURQUESA,Mexico,N
TRH,,Airmark Aviation,TRANSTAR,United States,N
TRS,FL,AirTran Airways,CITRUS,United States,Y
TSC,TS,Air Transat,TRANSAT,Canada,Y
TSQ,,airtransse,AIRTRA,Japan,N
TTB,,Aerolineas Turisticas del Caribe,AERO TURISTICAS,Mexico,N
TTE,,Avcenter,TETON,United States,N
TUN,,Air Tungaru,TUNGARU,Kiribati,N
TWN,EC,Avialeasing Aviation Company,TWINARROW,Uzbekistan,Y
TXD,,Aerotaxis del Noroeste,TAXI OESTE,Mexico,N
TXF,,Aerotaxis Alfe,ALFE,Mexico,N
TXI,,Aereotaxis,AEREOTAXIS,Mexico,N
TYR,VO,Tyrolean Airways,TYROLEAN,Austria,Y
TZA,,Aero Tomza,AERO TOMZA,Mexico,N
TZT,,Air Zambezi,ZAMBEZI,Zimbabwe,N
UAG,,Afra Airlines,AFRALINE,Ghana,N
UAR,,Aerostar Airlines,AEROSTAR,Ukraine,N
UCK,,Air Division of the Eastern Kazakhstan Region,GALETA,Kazakhstan,N
UCR,DW,Aero-Charter Ukraine,CHARTER UKRAINE,Ukraine,N
UED,,Air LA,AIR L-A,United States,N
UKR,6U,Air Ukraine,AIR UKRAINE,Ukraine,N
UMB,,Air Umbria,AIR UMBRIA,Italy,N
UND,,Atuneros Unidos de California,ATUNEROS UNIDOS,Mexico,N
FLP,,Aeroclub Flaps,AEROCLUB FLAPS,Spain,N
GLG,2K,Aerolineas Galapagos (Aerogal),AEROGAL,Ecuador,Y
GLB,,Air Castle Corporation / Global Airways,GLO-AIR,United States,N
DRU,6R,Alrosa Mirny Air Enterprise,MIRNY,Russia,Y
PVO,,Bearing Supplies Limited,PROVOST,United Kingdom,N
BAA,,Balkan Agro Aviation,BALKAN AGRO,Bulgaria,N
BAB,,Bahrain Air BSC (Closed),AWAL,Bahrain,N
BAC,,BAC Leasing Limited,,United Kingdom,N
BAE,,BAE Systems,FELIX,United Kingdom,N
BAF,,Belgian Air Force,BELGIAN AIRFORCE,Belgium,N
BAJ,8Q,Baker Aviation,BAKER AVIATION,United States,N
BAK,,Blackhawk Airways,BLACKHAWK,United States,N
BAL,,Britannia Airways,BRITANNIA,United Kingdom,N
BAM,,Business Air Services,BUSINESS AIR,Canada,N
BAN,,British Antarctic Survey,PENGUIN,United Kingdom,N
BAR,,Bradly Air (Charter) Services,BRADLEY,Canada,N
BAU,,Bissau Airlines,AIR BISSAU,Guinea-Bissau,N
BAV,,Bay Aviation Ltd,BAY AIR,Bangladesh,N
BAW,BA,British Airways,SPEEDBIRD,United Kingdom,Y
BAX,,Best Aero Handling Ltd,,Russia,N
BAY,,Bayon Airlines,BAYON,Cambodia,N
BBA,,Bannert Air,BANAIR,Austria,N
BBC,BG,Biman Bangladesh Airlines,BANGLADESH,Bangladesh,Y
BBD,BF,Bluebird Cargo,BLUE CARGO,Iceland,N
BBS,,Beibars CJSC,BEIBARS,Kazakhstan,N
BBV,,Bravo Airlines,BRAVO EUROPE,Spain,N
BBZ,,Blue Bird Aviation,COBRA,Kenya,N
BCF,B4,BACH Flugbetriebsges,BACH,Austria,N
BCI,,Blue Islands,BLUE ISLAND,United Kingdom,N
BCL,,British Caribbean Airways,,United Kingdom,N
BCR,,British Charter,BACKER,United Kingdom,N
BCT,,BCT Aviation,BOBCAT,United Kingdom,N
BCV,,Business Aviation Center,BUSINESS AVIATION,Ukraine,N
BDA,BZ,Blue Dart Aviation,BLUE DART,India,N
BON,JA,B&H Airlines,Air Bosna,Bosnia and Herzegovina,N
BDF,,Bissau Discovery Flying Club,BISSAU DISCOVERY,Guinea-Bissau,N
AYB,,Belgian Army,BELGIAN ARMY,Belgium,N
BDR,,Badr Airlines,BADR AIR,Sudan,N
BEA,,Best Aviation Ltd,BEST AIR,Bangladesh,N
BED,,Belgorod Aviation Enterprise,BELOGORYE,Russia,N
AJC,,Bar Harbor Airlines,BAR HARBOR,United States,N
BEF,,Balear Express,BALEAR EXPRESS,Spain,N
BEH,,Bel Air Helicopters,BLUECOPTER,Denmark,N
BEK,,Berkut Air,BERKUT,Kazakhstan,N
BET,,BETA - Brazilian Express Transportes Aereos,BETA CARGO,Brazil,N
BFC,,Basler Flight Service,BASLER,United States,N
BFG,,Bear Flight,BEARFLIGHT,Sweden,N
BFL,J4,Buffalo Airways,BUFFALO,Canada,N
BFO,,Bombardier,BOMBARDIER,Canada,N
BFR,,Burkina Airlines,BURKLINES,Burkina Faso,N
BFS,,Business Flight Sweden,BUSINESS FLIGHT,Sweden,N
BFW,,Bahrain Defence Force,SUMMAN,Bahrain,N
BGH,,BH Air,BALKAN HOLIDAYS,Bulgaria,N
BGI,,British Gulf International,BRITISH GULF,S,N
BGK,,British Gulf International-Fez,GULF INTER,Kyrgyzstan,N
BGL,A8,Benin Golf Air,BENIN GOLF,Benin,N
BGM,,Bugulma Air Enterprise,BUGAVIA,Russia,N
BGR,,Budget Air Bangladesh,BUDGET AIR,Bangladesh,N
BGT,,Bergen Air Transport,BERGEN AIR,Norway,N
BHA,,Buddha Air,BUDDHA AIR,Nepal,N
BHI,,Balkh Airlines,SHARIF,Afghanistan,N
BHL,,Bristow Helicopters,BRISTOW,United Kingdom,N
BHN,,Bristow Helicopters Nigeria,BRISTOW HELICOPTERS,Nigeria,N
BHO,,Bhoja Airlines,BHOJA,Pakistan,N
BHP,4T,Belair Airlines,BELAIR,Switzerland,Y
BHR,,Bighorn Airways,BIGHORN AIR,United States,N
BHS,UP,Bahamasair,BAHAMAS,Bahamas,Y
BHT,,Bright Air,BRIGHTAIR,Netherlands,N
BHY,,Bosphorus European Airways,BOSPHORUS,Turkey,N
BID,,Binair,BINAIR,Germany,N
BIG,,Big Island Air,BIG ISLE,United States,N
BIH,BS,British International Helicopters,BRINTEL,United Kingdom,Y
BIL,,Billund Air Center,BILAIR,Denmark,N
BIN,,Boise Interagency Fire Center,BISON-AIR,United States,N
BIR,,Bird Leasing,BIRD AIR,United States,N
BIZ,,Bizjet Ltd,BIZZ,United Kingdom,N
BJA,,Baja Air,BAJA AIR,Mexico,N
BJC,,Baltic Jet Aircompany,BALTIC JET,Latvia,N
BJS,,Business Jet Solutions,SOLUTION,United States,N
BKA,B4,Bankair,BANKAIR,United States,N
BKF,,BF-Lento OY,BAKERFLIGHT,Finland,Y
BKJ,,Barken International,BARKEN JET,United States,N
BKP,PG,Bangkok Airways,BANGKOK AIR,Thailand,Y
BKV,,Bukovyna,BUKOVYNA,Ukraine,N
BLB,,Blue Bird Aviation,BLUEBIRD SUDAN,Sudan,N
BLC,,Bellesavia,BELLESAVIA,Belarus,N
BLE,,Blue Line,BLUE BERRY,France,N
BLF,KF,Blue1,BLUEFIN,Finland,Y
BLG,,Belgavia,BELGAVIA,Belgium,N
BLH,,Blue Horizon Travel Club,BLUE HORIZON,United States,N
BLJ,,Blue Jet,BLUEWAY,Spain,N
BLL,,Baltic Airlines,BALTIC AIRLINES,Russia,Y
BLM,,Blue Airways,BLUE ARMENIA,Armenia,N
BLN,,Bali International Air Service,BIAR,Indonesia,N
BLS,JV,Bearskin Lake Air Service,BEARSKIN,Canada,Y
BLT,,Baltic Aviation,BALTAIR,United States,N
BLV,B3,Bellview Airlines,BELLVIEW AIRLINES,Nigeria,Y
BMA,BD,bmi,MIDLAND,United Kingdom,Y
BMD,,British Medical Charter,BRITISH MEDICAL,United Kingdom,N
BME,,Briggs Marine Environmental Services,BRIGGS,United Kingdom,N
BMH,,Bristow Masayu Helicopters,MASAYU,Indonesia,N
BMI,WW,bmibaby,BABY,United Kingdom,Y
BMJ,CH,Bemidji Airlines,BEMIDJI,United States,Y
BML,5Z,Bismillah Airlines,BISMILLAH,Bangladesh,N
BMN,,Bowman Aviation,BOWMAN,United States,N
BMR,,British Midland Regional,,United Kingdom,Y
BMW,,BMW,BMW-FLIGHT,Germany,N
BMX,,Banco de Mexico,BANXICO,Mexico,N
BND,,Bond Offshore Helicopters,BOND,United Kingdom,N
BNE,,Benina Air,BENINA AIR,Libya,N
BNG,,BN Group Limited,VECTIS,United Kingdom,N
BNL,,Blue Nile Ethiopia Trading,NILE TRADING,Ethiopia,N
BNR,,Bonair Aviation,BONAIR,Canada,N
BNS,,Bancstar - Valley National Corporation,BANCSTAR,United States,N
BNT,,Bentiu Air Transport,BENTIU AIR,Sudan,N
BNV,,Benane Aviation Corporation,BENANE,Mauritania,N
BNW,,British North West Airlines,BRITISH NORTH,United Kingdom,N
BOA,,Boniair,KUMANOVO,Macedonia,N
BOD,,Bond Air Services,UGABOND,Uganda,N
BOE,,Boeing,BOEING,United States,N
BOF,,Bordaire,BORDAIR,Canada,N
BOO,,Bookajet Limited,BOOKAJET,United Kingdom,N
BOU,BO,Bouraq Indonesia Airlines,BOURAQ,Indonesia,N
BPA,BV,Blue Panorama Airlines,BLUE PANOROMA,Italy,Y
BPK,,Berkhut ZK,VENERA,Kazakhstan,N
BPO,,Bundepolizei-Fliegertruppe,PIROL,Germany,N
BPS,,Budapest Aircraft Services/Manx2,BASE,Hungary,Y
BPT,,Bonus Aviation,BONUS,United Kingdom,N
BPX,,British Petroleum Exploration,,Colombia,N
BRB,7R,BRA-Transportes Aereos,BRA-TRANSPAEREOS,Brazil,N
BRD,,Brock Air Services,BROCK AIR,Canada,N
BRE,,Breeze Ltd,AVIABREEZE,Ukraine,N
BRG,8E,Bering Air,BERING AIR,United States,Y
BRK,,Briansk State Air Enterprise,BRIANSK-AVIA,Russia,N
BRN,,Branson Airlines,BRANSON,United States,N
BRO,,BASE Regional Airlines,COASTRIDER,Netherlands,N
BRS,,Brazilian Air Force,BRAZILIAN AIR FORCE,Brazil,Y
BRT,,British Regional Airlines,BRITISH,United Kingdom,N
BRU,B2,Belavia Belarusian Airlines,BELARUS AVIA,Belarus,Y
BRV,K6,Bravo Air Congo,BRAVO,Democratic Republic of the Congo,N
BRW,,Bright Aviation Services,BRIGHT SERVICES,Bulgaria,N
BNF,BN,Braniff International Airways,Braniff,United States,N
BRX,,Buffalo Express Airlines,BUFF EXPRESS,United States,N
BRY,,Burundayavia,BURAIR,Kazakhstan,N
BSC,,Bistair - Fez,BIG SHOT,Kyrgyzstan,N
BSD,,Blue Star Airlines,AIRLINES STAR,Mexico,N
BSI,,Brasair Transportes Aereos,BRASAIR,Brazil,N
BSJ,,Blue Swann Aviation,BLUE SWANN,United Kingdom,N
BSM,,Blue Sky Aviation,,Lebanon,N
BSS,,Bissau Aero Transporte,BISSAU AIRSYSTEM,Guinea-Bissau,N
BST,,Best Air,TUNCA,Turkey,N
BSW,,Blue Sky Airways,SKY BLUE,Czech Republic,N
BSY,GQ,Big Sky Airlines,BIG SKY,United States,N
BTC,V9,BAL Bashkirian Airlines,BASHKIRIAN,Russia,N
BTH,,Baltijas Helicopters,BALTIJAS HELICOPTERS,Latvia,N
BTK,,Baltyka,BALTYKA,Ukraine,N
BTL,,Baltia Air Lines,BALTIA FLIGHT,United States,N
BTR,,Botir-Avia,BOTIR-AVIA,Kyrgyzstan,N
GAA,,Business Express,BIZEX,United States,N
BTT,,BT-Slavuta,BEETEE-SLAVUTA,Ukraine,N
BTV,7P,Metro Batavia,BATAVIA,Indonesia,Y
BUC,,Bulgarian Air Charter,BULGARIAN CHARTER,Bulgaria,N
BUL,,Blue Airlines,BLUE AIRLINES,Democratic Republic of the Congo,N
BUN,,Buryat Airlines Aircompany,BURAL,Russia,N
BUZ,,Buzz Stansted,BUZZ,United Kingdom,N
BVA,,Buffalo Airways,BUFFALO AIR,United States,N
BVC,,Bulgarian Aeronautical Centre,BULGARIAN WINGS,Bulgaria,N
BVN,,Baron Aviation Services,SHOW-ME,United States,N
BVT,J8,Berjaya Air,BERJAYA,Malaysia,Y
BVU,,Bellview Airlines,Sierra Leone,,N
BWG,QW,Blue Wings,BLUE WINGS,Germany,Y
BWI,,Blue Wing Airlines,BLUE TAIL,Suriname,N
BWL,,BWA (2002) Ltd,BRITWORLD,United Kingdom,N
BXA,,Bahrain Executive Air Services,BEXAIR,Bahrain,N
BXH,,Bar XH Air,PALLISER,Canada,N
BXI,,Brussels International Airlines,XENIA,Belgium,N
BXR,,Redding Aero Enterprises,BOXER,United States,N
BYA,,Berry Aviation,BERRY,United States,N
BYL,,Bylina Joint-Stock Company,BYLINA,Russia,N
BYR,,Berytos Airlines,,Lebanon,N
BYE,BM,Bayu Indonesia Air,BAYU,Indonesia,N
BZA,,Bizair Fluggesellschaft,BERLIN BEAR,Germany,N
BZH,DB,Brit Air,BRITAIR,France,Y
BZZ,,Butane Buzzard Aviation Corporation,BUZZARD,United Kingdom,N
AUJ,,Business Flight Salzburg,AUSTROJET,Austria,N
CKM,,BKS Air (Rivaflecha),COSMOS,Spain,N
CLF,,Bristol Flying Centre,CLIFTON,United Kingdom,N
CLN,,Barnes Olsen Aeroleasing,SEELINE,United Kingdom,N
CPJ,,Baltimore Air Transport,CORPJET,United States,N
CXS,E9,Boston-Maine Airways,CLIPPER CONNECTION,United States,N
DAT,SN,Brussels Airlines,BEE-LINE,Belgium,Y
EAH,,Baltimore Airways,EASTERN,United States,N
EBA,,Bond Aviation,BOND AVIATION,Italy,N
EXB,,Brazilian Army Aviation,BRAZILIAN ARMY,Brazil,N
EXP,,Business Express Delivery,EXPRESS AIR,Canada,N
FOS,,Bel Limited,,Russia,N
HAW,,Bangkok Aviation Center,THAI HAWK,Thailand,N
HAX,,Benair,SCOOP,Norway,N
IBB,NT,Binter Canarias,,Spain,Y
IRJ,,Bonyad Airlines,BONYAD AIR,Iran,N
IVR,,Burundaiavia,RERUN,Kazakhstan,N
JOR,0B,Blue Air,BLUE TRANSPORT,Romania,Y
LAJ,KJ,British Mediterranean Airways,BEE MED,United Kingdom,Y
LBY,,Belle Air,ALBAN-BELLE,Albania,N
LED,,Blom Geomatics,SWEEPER,Norway,N
LTL,,Benin Littoral Airways,LITTORAL,Benin,N
LXJ,,Bombardier Business Jet Solutions,FLEXJET,United States,N
LZB,FB,Bulgaria Air,FLYING BULGARIA,Bulgaria,Y
MBR,,Brazilian Navy Aviation,BRAZILIAN NAVY,Brazil,N
NKF,8N,Barents AirLink,NORDFLIGHT,Sweden,Y
NYB,,Belgian Navy,BELGIAN NAVY,Belgium,N
OGJ,,Bakoji Airlines Services,BAKO AIR,Nigeria,N
PEB,,Benders Air,PALEMA,Sweden,N
PNT,,Balmoral Central Contracts,PORTNET,South Africa,N
POI,,BGB Air,BOJBAN,Kazakhstan,N
PPS,,Butte Aviation,PIPESTONE,United States,N
RHD,,Bond Air Services,RED HEAD,United Kingdom,N
RLR,,Business Airfreight,RATTLER,United States,N
RPX,,BAC Express Airlines,RAPEX,United Kingdom,N
RRS,,Boscombe Down DERA (Formation),BLACKBOX,United Kingdom,N
SCJ,,Business Jet Sweden,SCANJET,Sweden,N
SHT,,British Airways Shuttle,SHUTTLE,United Kingdom,N
SKH,,British Sky Broadcasting,SKYNEWS,United Kingdom,N
TXB,,Bell Helicopter Textron,TEXTRON,Canada,N
UKA,,Buzzaway Limited,UKAY,United Kingdom,N
VLX,,Biz Jet Charter,AVOLAR,United States,N
VOL,,Blue Chip Jet,BLUE SPEED,Sweden,N
WFD,,BAE Systems,AVRO,United Kingdom,N
WTN,,BAE Systems,TARNISH,United Kingdom,N
XBO,,Baseops International,,United States,N
XDA,,Bureau Veritas,,France,N
XMS,,British Airways,SANTA,United Kingdom,N
ZBA,,Boskovic Air Charters Limited,BOSKY,Kenya,N
SRJ,,C Air Jet Airlines,SYRJET,Syrian Arab Republic,N
ORO,,C N Air,CAPRI,Spain,N
TIP,,C and M Aviation,TRANSPAC,United States,N
RWG,,C&M Airways,RED WING,United States,N
RMU,,C.S.P.,Societe,AIR-MAUR,N
CBI,,CABI,CABI,Ukraine,N
CPI,,CAI,AIRCAI,Italy,N
ICL,5C,CAL Cargo Air Lines,CAL,Israel,Y
CMR,,CAM Air Management,CAMEO,United Kingdom,N
CTZ,,CATA L,CATA,Argentina,N
CCF,,CCF Manager Airline,TOMCAT,Germany,N
CED,,CEDTA (Compania Ecuatoriana De Transportes Aereos),CEDTA,Ecuador,N
HBI,,CHC Denmark,HELIBIRD,Denmark,N
HEM,,CHC Helicopters,HEMS,Australia,N
SCH,AW,CHC Airways,,Netherlands,N
HKS,,CHC Helikopter Service,HELIBUS,Norway,N
VCI,,CI-Tours,CI-TOURS,Ivory Coast,N
CKC,,CKC Services,,United States,N
CMZ,,CM Stair,CEE-EM STAIRS,Mauritania,N
CNT,,CNET,KNET,France,N
OAP,,COAPA AIR,COAPA,Mexico,N
PDR,,COMAV,SPEEDSTER,Namibia,N
CRH,,CRI Helicopters Mexico,HELI-MEX,Mexico,N
IRO,,CSA Air,IRON AIR,United States,N
CSE,,CSE Aviation,OXFORD,United Kingdom,N
CTQ,,CTK Network Aviation,CITYLINK,Ghana,N
CBR,,Cabair College of Air Training,CABAIR,United Kingdom,N
CVE,,Cabo Verde Express,KABEX,Cape Verde,N
CWD,,Caernarfon Airworld,AMBASSADOR,United Kingdom,N
CCE,,Cairo Air Transport Company,,Egypt,N
CGC,,Cal Gulf Aviation,CAL-GULF,Sao Tome and Principe,N
REZ,,Cal-West Aviation,CAL AIR,United States,N
CSL,,California Air Shuttle,CALIFORNIA SHUTTLE,United States,N
CLI,XG,Calima Aviacion,CALIMA,Spain,Y
CAV,MO,Calm Air,CALM AIR,Canada,N
CAM,R9,Camai Air,AIR CAMAI,United States,N
KHM,,Cambodia Airlines,CAMBODIA AIRLINES,Cambodia,N
UYC,UY,Cameroon Airlines,CAM-AIR,Cameroon,N
HSO,,Campania Helicopteros De Transporte,HELIASTURIAS,Spain,N
CJA,C6,CanJet,CANJET,Canada,N
PIL,,Canada Jet Charters,PINNACLE,Canada,N
CDN,CP,Canadian Airlines,CANADIAN,Canada,Y
CTG,,Canadian Coast Guard,CANADIAN COAST GUARD,Canada,N
HIA,,Canadian Eagle Aviation,HAIDA,Canada,N
CFC,,Canadian Forces,CANFORCE,Canada,N
BZD,,Canadian Global Air Ambulance,BLIZZARD,Canada,N
CDN,,Canadian Helicopters,CANADIAN,Canada,N
TKR,,Canadian Interagency Forest Fire Centre,TANKER,Canada,N
XNC,,Canadian National Telecommunications,,Canada,N
MPE,5T,Canadian North,EMPRESS,Canada,Y
CDR,,Canadian Regional Airlines,CANADIAN REGIONAL,Canada,N
CWH,,Canadian Warplane Heritage Museum,WARPLANE HERITAGE,Canada,N
CWA,W2,Canadian Western Airlines,CANADIAN WESTERN,Canada,N
CWW,,Canair,CANAIR,China,N
CUI,,Cancun Air,CAN-AIR,Mexico,N
KAP,9K,Cape Air,CAIR,United States,Y
CTO,,Cape Air Transport,,Australia,N
SEM,,Cape Central Airways,SEMO,United States,N
CMY,,Cape Smythe Air,CAPE SMYTHE AIR,United States,N
CPX,,Capital Air Service,CAPAIR,United States,N
CPD,,Capital Airlines,CAPITAL DELTA,Kenya,N
NCP,,Capital Airlines Limited,CAPITAL SHUTTLE,Nigeria,N
CCI,PT,Capital Cargo International Airlines,CAPPY,United States,N
CCQ,,Capital City Air Carriers,CAP CITY,United States,N
EGL,,Capital Trading Aviation,PRESTIGE,United Kingdom,N
CEX,,Capitol Air Express,CAPITOL EXPRESS,United States,N
CWZ,,Capitol Wings Airline,CAPWINGS,United States,N
VAN,,Caravan Air,CAMEL,Mauritania,N
CWN,,Cardiff Wales Flying Club,CAMBRIAN,United Kingdom,N
FVA,,Cardinal/Air Virginia,AIR VIRGINIA,United States,N
GOL,,Cardolaar,CARGOLAAR,Namibia,N
CDI,,Cards Air Services,CARDS,Philippines,N
CFH,,Care Flight,CARE FLIGHT,Australia,N
CDM,,Carga Aerea Dominicana,CARGA AEREA,Dominican Republic,N
EST,,Carga Express Internacional,CARGAINTER,Mexico,N
GGC,GG,Cargo 360,LONG-HAUL,United States,N
MCX,,Cargo Express,MAURICARGO,Mauritania,N
CRV,,Cargo Ivoire,CARGOIV,Ivory Coast,N
CLM,,Cargo Link (Caribbean),CARGO LINK,Barbados,N
CTW,,Cargo Three,THIRD CARGO,Panama,N
CRG,2G,Cargoitalia,WHITE PELICAN,Italy,N
CJT,W8,Cargojet Airways,CARGOJET,Canada,N
CLX,CV,Cargolux,CARGOLUX,Luxembourg,N
CGM,,Cargoman,HOTEL CHARLIE,Oman,N
DEL,,Carib Aviation,RED TAIL,Antigua and Barbuda,N
BCB,,Carib Express,WAVEBIRD,Barbados,N
CBC,,Caribair,CARIBAIR,Dominican Republic,N
DCC,,Caribbean Air Cargo,CARICARGO,Barbados,N
CLT,,Caribbean Air Transport,CARIBBEAN,Netherlands,N
BWA,BW,Caribbean Airlines,CARIBBEAN AIRLINES,Trinidad and Tobago,Y
IQQ,,Caribbean Airways,CARIBJET,Barbados,N
TLC,,Caribbean Express,CARIB-X,United States,N
GFI,8B,Caribbean Star Airlines,CARIB STAR,Antigua and Barbuda,N
CRT,,Caribintair,CARIBINTAIR,Haiti,N
CVG,,Carill Aviation,CARILL,United Kingdom,N
KRP,V3,Carpatair,CARPATAIR,Romania,Y
CRR,,Carranza,CARRANZA,Chile,N
ULS,,Carroll Air Service,ULSTER,United States,N
CMT,,Casement Aviation,CASEMENT,United States,N
CSO,,Casino Airline,CASAIR,United States,N
CSP,,Casper Air Service,CASPER AIR,United States,N
CPN,RV,Caspian Airlines,CASPIAN,Iran,Y
CSJ,,Castle Aviation,CASTLE,United States,N
CAZ,,Cat Aviation,EUROCAT,Switzerland,N
CBT,,Catalina Flying Boats,CATALINA AIR,United States,N
TEX,,Catex,CATEX,France,N
CPA,CX,Cathay Pacific,CATHAY,Hong Kong SAR of China,Y
CJR,,Caverton Helicopters,CAVERTON AIR,Nigeria,N
CAY,KX,Cayman Airways,CAYMAN,Cayman Islands,Y
CEB,5J,Cebu Pacific,CEBU AIR,Philippines,Y
CIL,,Cecil Aviation,CECIL,United Kingdom,N
CEG,,Cega Aviation,CEGA,United Kingdom,N
CEC,,Celtic Airways,CELTAIR,United Kingdom,N
CWE,,Celtic West,CELTIC,United Kingdom,N
CNA,7N,Centavia,,Serbia,N
CEV,,Cente D'Essais En Vol,CENTEV,France,N
CNL,,Centennial Airlines,WYO-AIR,United States,N
CNS,,Centennial Flight Centre,CENTENNIAL,Canada,N
CVO,,Center Vol,CENTERVOL,Spain,N
CTS,,Center-South,CENTER-SOUTH,Russia,N
CET,,Centrafrican Airlines,CENTRAFRICAIN,Central African Republic,N
CAX,,Central Air Express,CENTRAL EXPRESS,Democratic Republic of Congo,N
CTL,,Central Airlines,CENTRAL COMMUTER,United States,N
CNY,,Central Airways,CENTRAL LEONE,Sierra Leone,N
ACN,,Central American Airlines,AEROCENTRO,Nicaragua,N
YOG,,Central Aviation,YOGAN AIR,United States,N
CCG,,Central Connect Airlines,,Czech Republic,Y
DRN,,Central De Discos De Reynosa,DISCOS REYNOSA,Mexico,N
CMA,,Central European Airlines,EUROCENTRAL,Czech Republic,N
CHA,,Central Flying Service,CHARTER CENTRAL,United States,N
CEM,,Central Mongolia Airways,CENTRAL MONGOLIA,Mongolia,N
GLR,,Central Mountain Air,GLACIER,Canada,N
CQC,,Central Queensland Aviation College,,Australia,N
CSI,,Central Skyport,SKYPORT,United States,N
CLW,C0,Centralwings,CENTRALWINGS,Poland,Y
DTV,,Centre Airlines,DUTCH VALLEY,United States,N
CGS,,Centre of Applied Geodynamica,GEO CENTRE,Russia,N
CVC,J7,Centre-Avia,AVIACENTRE,Russia,N
CCV,,Centro De Helicopteros Corporativos,HELICORPORATIVO,Mexico,N
ACF,,Centro de Formacion Aeronautica de Canarias,FORCAN,Spain,N
CWC,WE,Centurion Air Cargo,CHALLENGE CARGO,United States,N
URY,,Century Aviation,CENTURY AVIA,Mexico,N
HAI,,Century Aviation International,,Canada,N
XAD,,Certified Air Dispatch,,United States,N
CER,,Cetraca Aviation Service,CETRACA,Democratic Republic of the Congo,N
IRU,,Chabahar Airlines,CHABAHAR,Iran,N
CLG,,Chalair Aviation,CHALLAIR,France,N
CHK,OP,Chalk's Ocean Airways,CHALKS,United States,N
CLS,,Challenge Air Transport,AIRISTO,Germany,N
CHS,,Challenge Aviation,CHALLENGE AVIATION,Australia,N
OFF,,Challenge International Airlines,CHALLENGE AIR,United States,N
CHG,,AC Challenge Aero,SKY CHALLENGER,Ukraine,N
CPH,,Champagne Airlines,CHAMPAGNE,France,N
CCP,MG,Champion Air,CHAMPION AIR,United States,N
NCH,,Chanchangi Airlines,CHANCHANGI,Nigeria,N
CGN,2Z,Changan Airlines,CHANGAN,China,N
CHN,,Channel Island Aviation,CHANNEL,United States,N
WML,,Chantilly Air,MARLIN,United States,N
CPL,,Chaparral Airlines,CHAPARRAL,United States,N
CSU,S8,Chari Aviation Services,CHARI SERVICE,Chad,N
CAH,,Charlan Air Charter,CHARLAN,South Africa,N
HMD,,Charlie Hammonds Flying Service,HAMMOND,United States,N
CGD,,Charlotte Air National Guard,,United States,N
CHW,,Charter Air,CHARTER WIEN,Austria,Y
HRT,,Chartright Air,CHARTRIGHT,Canada,N
CHQ,RP,Chautauqua Airlines,CHAUTAUQUA,United States,Y
CBB,,Cheboksary Airenterprise JSC,CHEBAIR,Russia,N
CHM,,Chemech Aviation,,Pakistan,N
CHZ,,Cherline,CHERL,Russia,N
CMK,,Chernomor-Avia,CHERAVIA,Russia,N
CBM,,Cherokee Express,BLUE MAX,United States,N
CCY,,Cherry Air,CHERRY,United States,N
CAB,,Chesapeake Air Service,CHESAPEAKE AIR,United States,N
CVR,,Chevron U.S.A,CHEVRON,United States,N
CYA,,Cheyenne Airways,CHEYENNE AIR,United States,N
CGO,,Chicago Air,WILD ONION,United States,N
WDY,C8,Chicago Express,WINDY CITY,United States,N
RAT,,Chief Rat Flight Services,RIVERRAT,South Africa,N
CCH,,Chilchota Taxi Aereo,CHILCHOTA,Mexico,N
DES,,Chilcotin Caribou Aviation,CHILCOTIN,Canada,N
CAD,,Chilliwack Aviation,CHILLIWACKAIR,Canada,N
ETN,,Chim-Nir Aviation,CHMINIR,Israel,N
CAL,CI,China Airlines,DYNASTY,Taiwan,Y
CKK,CK,China Cargo Airlines,CARGO KING,China,N
CES,MU,China Eastern Airlines,CHINA EASTERN,China,Y
HXA,,China Express Airlines,CHINA EXPRESS,China,N
CFA,,China Flying Dragon Aviation,FEILONG,China,N
CTH,,China General Aviation Corporation,TONGHANG,China,N
CAG,,China National Aviation Corporation,CHINA NATIONAL,China,N
CBF,CJ,China Northern Airlines,CHINA NORTHERN,China,N
CNW,WH,China Northwest Airlines,CHINA NORTHWEST,China,N
CHC,,China Ocean Helicopter Corporation,CHINA HELICOPTER,China,N
CYZ,8Y,China Postal Airlines,CHINA POST,China,N
CSN,CZ,China Southern Airlines,CHINA SOUTHERN,China,Y
CXN,,China Southwest Airlines,CHINA SOUTHWEST,China,N
CUA,HR,China United Airlines,LIANHANG,China,Y
CXH,XO,China Xinhua Airlines,XINHUA,China,N
CYH,3Q,Yunnan Airlines,YUNNAN,China,Y
CGU,,Chinguetti Airlines,CHINGUETTI,Mauritania,N
CEP,,Chipola Aviation,CHIPOLA,United States,N
CPW,,Chippewa Air Commuter,CHIPPEWA-AIR,United States,N
CHF,X7,Chitaavia,CHITA,Russia,N
CAS,,Christman Air System,CHRISTMAN,United States,N
OEC,,Christophorus Flugrettungsverein,CHRISTOPHORUS,Austria,N
CHO,,Chrome Air Services,CHROME AIR,United States,N
CHU,,Church Aircraft,CHURCHAIR,United States,N
CIU,A2,Cielos Airlines,CIELOS,Peru,N
CIM,QI,Cimber Air,CIMBER,Denmark,Y
RRU,,Cirrus,HELICIRRUS,Chile,N
NTS,,Cirrus Air,NITE STAR,United States,N
RUS,C9,Cirrus Airlines,CIRRUS AIR,Germany,Y
JTI,,Cirrus Middle East,,Lebanon,N
FIV,,Citationshares,FIVE STAR,United States,N
XCX,,Citibank,,United States,N
HZX,,Citic General Aviation,ZHONGXIN,China,N
SDR,CF,City Airline,SWEDESTAR,Sweden,Y
CIX,G3,City Connexion Airlines,CONNEXION,Burundi,Y
XBG,,City of Bangor,,United States,N
BCY,WX,CityJet,CITY-IRELAND,Ireland,Y
CAQ,,Cityair (Chester) Limited,AIR CHESTER,United Kingdom,N
CII,,Cityfly,CITYFLY,Italy,N
CFE,CJ,BA CityFlyer,FLYER,United Kingdom,Y
CNB,,Cityline Hungary,CITYHUN,Hungary,N
HSR,,Citylink Airlines,HOOSIER,United States,N
CIW,,Civair Airways,CIVFLIGHT,South Africa,N
BKR,,Civil Air Patrol South Carolina Wing,BOX KAR,United States,N
CAT,CT,Civil Air Transport,Mandarin,Taiwan,N
CIA,,Civil Aviation Authority,CALIMERA,Slovakia,N
CIV,,Civil Aviation Authority of New Zealand,CIVAIR,New Zealand,N
CBA,,Civil Aviation Inspectorate of the Czech Republic,CALIBRA,Czech Republic,N
FMC,,Claessens International Limited,CLAESSENS,United Kingdom,N
CLK,,Clark Aviation,CLARKAIR,United States,N
CSF,,Clasair,CALEDONIAN,United Kingdom,N
CLY,,Clay Lacy Aviation,CLAY-LACY,United States,N
CGK,,Click Airways,CLICK AIR,Kyrgyzstan,Y
CLZ,,Cloud 9 Air Charters,CLOUDLINE,South Africa,N
CLD,,Clowes Estates Limited,CLOWES,United Kingdom,N
SDJ,,Club 328,SPACEJET,United Kingdom,N
ISG,6P,Club Air,CLUBAIR,Italy,N
CST,BX,Coast Air,COAST CENTER,Norway,N
TCL,,Coastal Air Transport,TRANS COASTAL,United States,N
CNG,,Coastal Airways,SID-AIR,United States,N
CSV,,Coastal Travels,COASTAL TRAVEL,Tanzania,N
CHL,,Cohlmia Aviation,COHLMIA,United States,N
OLR,,Colaereos,COLAEREOS,Ecuador,N
CLE,,Colemill Enterprises,COLEMILL,United States,N
CJC,9L,Colgan Air,COLGAN,United States,Y
CAE,,Colibri Aviation,HUMMINGBIRD,Canada,N
CCX,,Colt International,,United States,N
COL,,Columbia Airlines,COLAIR,Canada,N
WCO,,Columbia Helicopters,COLUMBIA HELI,United States,N
KLR,,Columbus Air Transport,KAY-LER,United States,N
GHP,,Colvin Aviation,GRASSHOPPER EX,United States,N
COM,OH,Comair,COMAIR,United States,Y
CAW,MN,Comair,COMMERCIAL,South Africa,Y
CDE,,Comed Group,COMEX,United Kingdom,N
CVV,,Comeravia,COMERAVIA,Venezuela,N
CRS,,Comercial Aerea,COMERCIAL AEREA,Mexico,N
CMG,,Comet Airlines,SUNSPY,Nigeria,N
FYN,,Comfort Air,FLYNN,Germany,N
CLA,,Comlux Aviation,COMLUX,Switzerland,N
CMH,,Commair Aviation,COMMODORE,United Kingdom,N
CTM,,Commandement Du Transport Aerien Militaire Francais,COTAM,France,N
CML,,Commander Air Charter,COMMANDAIR,Canada,N
CRM,,Commander Mexicana,COMMANDERMEX,Mexico,N
CMS,,Commercial Aviation,ACCESS,Canada,N
GAR,,Commodore Aviation,,Australia,N
CJS,,Commonwealth Jet Service,COMMONWEALTH,United States,N
UCA,C5,CommutAir,COMMUTAIR,United States,Y
CWK,KR,Comores Airlines,CONTICOM,Comoros,Y
CGR,,Compagnia Generale Ripreseaeree,COMPRIP,Italy,N
CMM,,Compagnie Aerienne du Mali,CAMALI,Mali,N
CPM,,Compagnie Mauritanienne Des Transports,,Mauritania,N
GIC,,Compagnie de Bauxites de Guinee,CEBEGE,Guinea,N
AIF,,Compania Aerea de Valencia,,Spain,N
ATF,,Compania Aerotecnicas Fotograficas,AEROTECNICAS,Spain,N
ASU,,Compania Boliviana de Transporte Aereo Privado Aerosur,S.A.,ASUR,N
LCT,,Compania De Actividades Y Servicios De Aviacion,STELLAIR,Spain,N
EJV,,Compania Ejecutiva,EJECUTIVA,Mexico,N
HSE,,Compania Helicopteros Del Sureste,HELISURESTE,Spain,N
MDR,,Compania Mexicana De Aeroplanos,AEROPLANOS,Mexico,N
MXC,GJ,Compania Mexicargo,MEXICARGO,Mexico,N
HSS,,Compania Transportes Aereos Del Sur,TAS HELICOPTEROS,Spain,N
TAV,,Compania de Servicios Aereos Tavisa,TAVISA,Spain,N
CYF,,Company Flight,COMPANY FLIGHT,Denmark,N
CPZ,CP,Compass Airlines,Compass Rose,United States,Y
CPS,,Compass International Airways,COMPASS,United Kingdom,N
XCO,,Compuflight Operations Service,,United States,N
XCS,,Compuserve Incorporated,,United States,N
CRC,,Conair Aviation,CONAIR-CANADA,Canada,N
COD,,Concordavia,CONCORDAVIA,Ukraine,N
CNR,,Condor Aero Services,CONAERO,United States,N
CIB,,Condor,CONDOR BERLIN,Germany,N
CFG,DE,Condor Flugdienst,CONDOR,Germany,Y
COF,,Confort Air,CONFORT,Canada,N
CAK,,Congo Air,,Bahamas,N
CGA,,Congressional Air,CONGRESSIONAL,United States,N
ROY,,Conifair Aviation,,Canada,N
BSN,,Connectair Charters,BASTION,Canada,N
CAC,,Conquest Airlines,CONQUEST AIR,United States,N
CXO,,Conroe Aviation Services,CONROE AIR,United States,N
CHP,6A,Consorcio Aviaxsa,AVIACSA,Mexico,Y
VCH,,Consorcio Helitec,CONSORCIO HELITEC,Venezuela,N
UZA,,Constanta Airline,CONSTANTA,Ukraine,N
KIS,C3,Contact Air,CONTACTAIR,Germany,Y
XCL,,Contel ASC,,United States,N
COA,CO,Continental Airlines,CONTINENTAL,United States,Y
PVV,PC,Continental Airways,CONTAIR,Russia,N
CMI,CS,Continental Micronesia,AIR MIKE,United States,Y
CON,,Continental Oil,CONOCO,United States,N
VCV,V0,Conviasa,CONVIASA,Venezuela,Y
CKA,,Cook Inlet Aviation,COOK-AIR,United States,N
SVY,,Cooper Aerial Surveys,SURVEYOR,United Kingdom,N
CMP,CM,Copa Airlines,COPA,Panama,Y
CAT,,Copenhagen Airtaxi,AIRCAT,Denmark,N
COP,,Copper State Air Service,COPPER STATE,United States,N
AAQ,,Copterline,COPTERLINE,Finland,Y
CCW,,Coptrade Air Transport,COPTRADE AIR,Sudan,N
CAI,,Corendon Airlines,CORENDON,Turkey,Y
CRA,,Coronado Aerolineas,CORAL,Colombia,N
CPB,,Corpac Canada,PENTA,Canada,N
CNC,,Corporacion Aereo Cencor,CENCOR,Mexico,N
CPG,,Corporacion Aeroangeles,CORPORANG,Mexico,N
CGY,,Corporacion Paraguaya De Aeronautica,,Paraguay,N
CPT,,Corporate Air,AIR SPUR,United States,N
CPR,,Corporate Air,CORPAIR,United States,N
CPO,,Corporate Aircraft Company,MOKAN,United States,N
COO,,Corporate Airlink,CORPORATE,Canada,N
CKE,,Corporate Aviation Services,CHECKMATE,United States,N
VHT,,Corporate Flight International,VEGAS HEAT,United States,N
VTE,,Corporate Flight Management,VOLUNTEER,United States,N
CJI,,Corporate Jets,SEA JET,United States,N
CRL,SS,Corsairfly,CORSAIR,France,Y
CCM,XK,Corse-Mediterranee,CORSICA,France,Y
COZ,F5,Cosmic Air,COSMIC AIR,Nepal,N
CHI,,Cougar Helicopters,COUGAR,Canada,N
MGB,,Coulson Flying Service,MOCKINGBIRD,United Kingdom,N
NSW,,Country Connection Airlines,,Australia,N
CIK,,Country International Airlines,COUNTRY AIR,Kyrgyzstan,N
CSD,,Courier Services,DELIVERY,United States,N
CUT,,Court Helicopters,COURT AIR,South Africa,N
CVL,,Coval Air,COVAL,Canada,N
COW,,Cowi,COWI,Netherlands,N
COY,,Coyne Aviation,COYNE AIR,United Kingdom,N
CFD,,Cranfield University,AERONAUT,United Kingdom,N
CRE,,Cree Airways,CREE AIR,Canada,N
ELM,,Crelam,CRELAM,Mexico,N
CAN,,Crest Aviation,CREST,United Kingdom,Y
KRM,,Crimea Universal Avia,TRANS UNIVERSAL,Ukraine,N
CTN,OU,Croatia Airlines,CROATIA,Croatia,Y
HRZ,,Croatian Air Force,CROATIAN AIRFORCE,Croatia,N
CRX,,Cross Aviation,CROSSAIR,United Kingdom,N
ECC,QE,Crossair Europe,Cigogne,Switzerland,N
CWX,,Crow Executive Air,CROW EXPRESS,United States,N
CKR,,Crown Air Systems,CROWN AIR,United States,N
CRO,,Crown Airways,CROWN AIRWAYS,United States,Y
CRW,,Crownair,REGAL,Canada,N
VCR,,Cruiser Linhas Aereas,VOE CRUISER,Brazil,N
CTY,,Cryderman Air Service,CENTURY,United States,N
CYT,,Crystal Shamrock,CRYSTAL-AIR,United States,N
CUB,CU,Cubana de Aviación,CUBANA,Cuba,Y
CBL,,Cumberland Airways (Nicholson Air Service),CUMBERLAND,United States,N
CTT,,Custom Air Transport,CATT,United States,N
RGN,,Cygnus Air,CYGNUS AIR,Spain,N
CYC,,Cyprair Tours,CYPRAIR,Cyprus,N
CYS,,Cypress Airlines,SKYBIRD,Canada,N
CYP,CY,Cyprus Airways,CYPRUS,Cyprus,Y
CEF,,Czech Air Force,CZECH AIR FORCE,Czech Republic,N
AHD,,Czech Air Handling,AIRHANDLING,Czech Republic,N
CSA,OK,Czech Airlines,CSA-LINES,Czech Republic,Y
CIE,,Czech Government Flying Service,CZECHIA,Czech Republic,N
DDA,,D & D Aviation,DUSTY,United States,N
DNK,,D&K Aviation,DIRECT JET,United States,N
DHE,,DAP Helicopteros,HELIDAP,Chile,N
VLF,,DFS UK Limited,VOLANTE,United Kingdom,N
DSR,WD,DAS Air Cargo,DAIRAIR,Uganda,N
RKC,,DAS Airlines,DAS CONGO,Democratic Republic of the Congo,N
DTR,DX,DAT Danish Air Transport,DANISH,Denmark,Y
ENT,,DAT Enterprise Limited,DATENT,United Kingdom,N
BDN,,DERA Boscombe Down,GAUNTLET,United Kingdom,N
DSN,,DESNA,DESNA,Ukraine,N
DET,,DETA Air,SAMAL,Kazakhstan,N
DGO,,DGO Jet,DGO JET,Mexico,N
DAE,,DHL Aero Expreso,YELLOW,Panama,N
DHK,,DHL Air,WORLD EXPRESS,United Kingdom,N
DHV,,DHL Aviation,WORLDSTAR,South Africa,N
DHX,ES,DHL International,DILMUN,Bahrain,N
JOS,L3,DHL de Guatemala,,Guatemala,N
RSK,,DSWA,REDSKIN,United States,N
DAO,D3,Daallo Airlines,DALO AIRLINES,Djibouti,Y
DAG,N2,Dagestan Airlines,DAGAL,Russia,N
DHA,,Dahla Airlines,,Democratic Republic of Congo,N
DCS,,Daimler Chrysler Aviation,TWIN STAR,Germany,N
DCX,,Daimler-Chrysler,DAIMLER,United States,N
DKA,,Daka,,Kazakhstan,N
DLR,,Dala Air Services,DALA AIR,Nigeria,N
KHB,H8,Dalavia,DALAVIA,Russia,Y
DXP,,Dallas Express Airlines,DALLAS EXPRESS,United States,N
DAS,,Damascene Airways,AIRDAM,Syrian Arab Republic,N
DSA,,Danbury Airways,DANBURY AIRWAYS,United States,N
DOP,,Dancopter,DANCOPTER,Denmark,N
DAF,,Danish Air Force,DANISH AIRFORCE,Denmark,N
DAR,,Danish Army,DANISH ARMY,Denmark,N
DNY,,Danish Navy,DANISH NAVY,Denmark,N
DNU,,Danu Oro Transportas,DANU,Lithuania,N
DRT,,Darta,DARTA,France,N
DWT,0D,Darwin Airline,DARWIN,Switzerland,Y
DSQ,,Dasab Airlines,DASAB AIR,Uganda,N
DSH,,Dash Air Charter,DASH CHARTER,United States,N
GOB,,Dash Aviation,PILGRIM,United Kingdom,N
DGX,,Dasnair,DASNA,Switzerland,N
DAB,,Dassault Aviation,,France,N
CVF,,Dassault Falcon Jet Corporation,CLOVERLEAF,United States,N
DSO,,Dassault Falcon Service,DASSAULT,France,N
DTN,,Data International,DATA AIR,Sudan,N
XDT,,Date Transformation Corp,,United States,N
DAU,D5,Dauair,DAUAIR,Germany,N
DCO,,David Crawshaw Consultants Limited,,United Kingdom,N
DWN,,Dawn Air,DAWN AIR,United States,N
DJS,,DayJet,DAYJET,United States,N
DAY,,Daya Aviation,DAYA,Sri Lanka,N
DHC,,De Havilland,DEHAVILLAND,Canada,N
IAY,,Deadalos Flugtbetriebs,IASON,Austria,N
DAA,,Decatur Aviation,DECUR,United States,N
DKN,,Deccan Aviation,DECCAN,India,N
DLK,,Deccan Aviation (Lanka),DEKKANLANKA,Sri Lanka,N
DER,,Deer Jet,DEER JET,China,N
JDC,,Deere and Company,JOHN DEERE,United States,N
DWR,,Delaware Skyways,DELAWARE,United States,N
DEA,,Delta Aerotaxi,JET SERVICE,Italy,Y
SNO,,Delta Air Charter,SNOWBALL,Canada,N
ELJ,,Delta Air Elite,ELITE JET,United States,N
DAL,DL,Delta Air Lines,DELTA,United States,Y
KMB,,Delta Engineering Aviation,KEMBLEJET,United Kingdom,N
DLI,,Delta Express International,DELTA EXPRESS,Ukraine,N
DSU,,Delta State University,DELTA STATE,United States,N
DNM,,Denim Air,DENIM,Netherlands,Y
FEC,,Denver Express,FALCON EXPRESS,United States,N
DJT,,Denver Jet,DENVER JET,United States,N
FGC,,Departmento De Agricultura De La Generalitat De Cataluna,FORESTALES,Spain,N
DRY,,Deraya Air Taxi,DERAYA,Indonesia,N
DRX,,Des R Cargo Express,,Mauritania,N
MIZ,,Desarrollo Milaz,MILAZ,Mexico,N
DTY,,Destiny Air Services,DESTINY,Sierra Leone,N
AMB,1I,Deutsche Rettungsflugwacht,CIVIL AIR AMBULANCE,Germany,N
LFO,,Deutsches Zentrum fur Luft-und Raumfahrt EV,LUFO,Germany,N
DIS,,Di Air,DI AIR,Serbia,N
SPK,,Diamond Aviation,SPARKLE,United States,N
DRB,,Didier Rousset Buy,DIDIER,Chile,N
DGT,,Digital Equipment Corporation,DIGITAL,United States,N
RDN,D7,Dinar,AERO DINAR,Argentina,N
DIP,,Diplomatic Freight Services,DIPFREIGHT,United Kingdom,N
ENA,,Direccion General de Aviacion Civil y Telecomunicasciones,ENA,Spain,N
DIA,,Direct Air,BLUE SKY,United States,N
XAP,,Direct Air trading as Midway Connection,MID-TOWN,United States,N
DCT,,Direct Flight,,United Kingdom,N
SXP,,Sky Express,EXPRESS SKY,Poland,N
DIR,AW,Dirgantara Air Service,DIRGANTARA,Indonesia,N
DCV,,Discover Air,DISCOVER,United States,N
DVA,DH,Discovery Airways,DISCOVERY AIRWAYS,United States,N
XDS,,Dispatch Services,,United States,N
DIX,,Dix Aviation,DIX FLIGHT,Germany,N
DEE,,Dixie Airways,TACAIR,United States,N
DJB,D8,Djibouti Airlines,DJIBOUTI AIR,Djibouti,Y
UDN,,Dniproavia,DNIEPRO,Ukraine,Y
FDN,,Flying Dolphin Airlines,FLYING DOLPHIN,United Arab Emirates,N
IXX,,Dolphin Express Airlines,ISLAND EXPRESS,United States,N
DPL,,Dome Petroleum,DOME,Canada,N
MYO,,Dominguez Toledo (Grupo Mayoral),MAYORAL,Spain,N
DOA,DO,Dominicana de Aviaci,DOMINICANA,Dominican Republic,Y
DMO,E3,Domodedovo Airlines,DOMODEDOVO,Russia,Y
DVB,,Don Avia,DONSEBAI,Kazakhstan,N
DON,,Donair Flying Club,DONAIR,United Kingdom,N
UDC,5D,DonbassAero,DONBASS AERO,Ukraine,Y
DAD,,Dorado Air,DORADO AIR,Dominican Republic,N
DOR,,Dornier,DORNIER,Germany,N
DAV,,Dornier Aviation Nigeria,DANA AIR,Nigeria,N
DOM,,Dos Mundos,DOS MUNDOS,Dominican Republic,N
HDA,KA,Dragonair,Hong Kong Dragon Airlines,DRAGON,Y
DCA,,Dreamcatcher Airways,DREAM CATCHER,United Kingdom,N
DRK,KB,Druk Air,ROYAL BHUTAN,Bhutan,Y
DRE,,Drummond Island Air,MICHIGAN,United States,N
DUB,,Dubai Airwing,DUBAI,United Arab Emirates,N
DBK,,Dubrovnik Air,SEAGULL,Croatia,Y
DUK,,Ducair,LION KING,Luxembourg,N
DBJ,,Duchess of Britany (Jersey) Limited,DUCHESS,United Kingdom,N
LPD,,UK Royal/HRH Duke of York,LEOPARD,United Kingdom,N
DUN,,Dun'Air,DUNAIR,Mauritania,N
PHD,,Duncan Aviation,PANHANDLE,United States,N
VVF,,Dunyaya Bakis Hava Tasimaciligi,WORLDFOCUS,Turkey,N
DUO,,Duo Airways,FLY DUO,United Kingdom,N
DJE,,Durango Jet,DURANGO JET,Mexico,N
DNL,,Dutch Antilles Express,DUTCH ANTILLES,Netherlands Antilles,Y
DCE,,Dutch Caribbean Express,DUTCH CARIBBEAN,Netherlands Antilles,N
DBR,,Dutchbird,DUTCHBIRD,Netherlands,N
DFS,,Dwyer Aircraft Services,DWYAIR,United States,N
XDY,,Dynair Services,,United States,N
DNR,,Dynamair Aviation,DYNAMAIR,Canada,N
DYE,,Dynamic Air,DYNAMIC,Netherlands,N
BAG,DI,dba,SPEEDWAY,Germany,Y
EHD,,E H Darby Aviation,PLATINUM AIR,United States,N
EAD,,EAA Escola De Aviacao Aerocondor,AERO-ESCOLA,Portugal,N
EXW,,Executive Airlines Services,ECHOLINE,Nigeria,N
EFS,,EFAOS- Agencia De Viagens e Turismo,EFAOS,Angola,N
EFD,,EFD Eisele Flugdienst,EVER FLIGHT,Germany,N
FSD,,EFS-Flugservice,FLUGSERVICE,Germany,N
EIS,,EIS Aircraft,COOL,Germany,N
IAG,,EPAG Groupe Air France,EPAG,France,N
ESI,,ESI Eliservizi Italiani,ELISERVIZI,Italy,N
EUY,,EU Airways,EUROAIRWAYS,Ireland,N
EUJ,VE,EUjet,UNION JET,Ireland,N
EVA,BR,EVA Air,EVA,Taiwan,Y
ICR,,Eagle Aero,ICARUS FLIGHTS,United States,N
EGR,,Eagle Air,EAGLE SIERRA,Sierra Leone,N
EGX,,Eagle Air Company,THAI EAGLE,Thailand,N
FEI,,Eagle Air Iceland,ARCTIC EAGLE,Iceland,N
EGU,,Eagle Aviation,AFRICAN EAGLE,Uganda,N
GYP,,Eagle Aviation,GYPSY,United Kingdom,N
EGN,,Eagle Aviation France,FRENCH EAGLE,France,N
SEG,,Eagle International,SEN-EAGLE,Senegal,N
EGJ,,Eagle Jet Charter,EAGLE JET,United States,N
EMD,,Eaglemed (Ballard Aviation),EAGLEMED,United States,N
ERX,,Earth Airlines Services,EARTH AIR,Nigeria,N
UGX,QU,East African,CRANE,Uganda,Y
HSA,S9,East African Safari Air,DUMA,Kenya,N
EXZ,,East African Safari Air Express,TWIGA,Kenya,N
EMU,,East Asia Airlines,,Macao,N
ECT,,East Coast Airways,EASTWAY,South Africa,N
ECJ,,East Coast Jets,EASTCOAST JET,United States,N
EHA,,East Hampton Aire,AIRE HAMPTON,United States,N
EKC,,East Kansas City Aviation,BLUE GOOSE,United States,N
CTK,,East Midlands Helicopters,COSTOCK,United Kingdom,N
DXH,,East Star Airlines,EAST STAR,China,N
EWA,,East-West Airlines,EASTWEST,Australia,N
EAZ,,Eastern Air,EASAIR,Zambia,N
EAX,,Eastern Air Executive,EASTEX,United Kingdom,N
EZE,T3,Eastern Airways,EASTFLIGHT,United Kingdom,Y
EAQ,,Eastern Australia Airlines,,Australia,N
ECI,,Eastern Carolina Aviation,EASTERN CAROLINA,United States,N
GNS,,Eastern Executive Air Charter,GENESIS,United Kingdom,N
LIS,,Eastern Express,LARISA,Kazakhstan,N
EME,,Eastern Metro Express,EMAIR,United States,N
EPB,,Eastern Pacific Aviation,EAST PAC,Canada,N
ESJ,,Eastern Sky Jets,EASTERN SKYJETS,United Arab Emirates,N
ELA,DK,Eastland Air,,Australia,Y
SGR,W9,Eastwind Airlines,STINGER,United States,N
FYE,,Easy Link Aviation Services,FLYME,Nigeria,N
CMN,,Eckles Aircraft,CIMMARON AIRE,United States,N
EJT,,Eclipse Aviation,ECLIPSE JET,United States,N
ECQ,,Eco Air,SKYBRIDGE,Nigeria,N
DEI,,Ecoair,,Algeria,N
ECX,,Ecomex Air Cargo,AIR ECOMEX,Angola,N
ECD,,Ecotour,ECOTOUR,Mexico,N
XCC,,Ecoturistica de Xcalak,XCALAK,Mexico,N
ECV,,Ecuatoguineana De Aviacion (EGA),EQUATOGUINEA,Equatorial Guinea,N
EQC,,Ecuatorial Cargo,ECUA-CARGO,Equatorial Guinea,N
ECU,,Ecuavia,ECUAVIA,Ecuador,Y
EDW,WK,Edelweiss Air,EDELWEISS,Switzerland,Y
SLO,,Edgartown Air,SLOW,United States,N
EDC,,Edinburgh Air Charter,SALTIRE,United Kingdom,N
EDJ,,Edwards Jet Center of Montana,EDWARDS,United States,N
EIJ,,Efata Papua Airlines,EFATA,Indonesia,N
MSR,MS,Egyptair,EGYPTAIR,Egypt,Y
MSX,,Egyptair Cargo,EGYPTAIR CARGO,Egypt,N
EGY,,Egyptian Air Force,,Egypt,N
EJX,,Egyptian Aviation,,Egypt,N
EMA,,Egyptian Aviation Company,,Egypt,N
EIX,,Ei Air Exports,AIR EXPORTS,Ireland,N
EIR,,Eirjet,EIRJET,Ireland,N
ELY,LY,El Al Israel Airlines,ELAL,Israel,Y
CMX,,El Caminante Taxi Aereo,EL CAMINANTE,Mexico,N
GLQ,,El Quilada International Aviation,QUILADA,Sudan,N
ELS,,El Sal Air,EL SAL,El Salvador,N
ESC,,El Sol De America,SOLAMERICA,Venezuela,N
BRQ,UZ,El-Buraq Air Transport,BURAQAIR,Libya,Y
ELX,,Elan Express,ELAN,United States,N
LBR,,Elbe Air Transport,MOTION,Germany,N
NLK,,Elbrus-Avia Air Enterprise,ELAVIA,Russia,N
DND,,Eldinder Aviation,DINDER,Sudan,N
PDV,,Elicar,ELICAR,Italy,N
EDO,,Elidolomiti,ELIDOLOMITI,Italy,N
ELB,,Elieuro,ELILOBARDIA,Italy,N
EFG,,Elifriulia,ELIFRIULIA,Italy,N
ELH,,Elilario Italia,LARIO,Italy,N
EOA,,Elilombarda,LOMBARDA,Italy,N
MEE,,Elimediterranea,ELIMEDITERRANEA,Italy,N
VUL,,Elios,ELIOS,Italy,N
IEP,,Elipiu',ELIPIU,Italy,N
RSA,,Elisra Airlines,ESRA,Sudan,N
EAI,,Elite Air,ELAIR,Togo,N
EJD,,Elite Jets,ELITE DUBAI,United Arab Emirates,N
FGS,,Elitellina,ELITELLINA,Italy,N
ELT,,Elliott Aviation,ELLIOT,United States,N
MGG,,Elmagal Aviation Services,ELMAGAL,Sudan,N
ELR,,Elrom Aviation and Investments,,Israel,N
EAM,,Embassy Airlines,EMBASSY AIR,Nigeria,N
EFT,,Embassy Freight Company,EMBASSY FREIGHT,United States,N
EMB,,Empresa Brasileira De Aeronautica,EMBRAER,Brazil,N
XSL,,Embry-Riddle Aeronautical University,SATSLAB,United States,N
JEM,,Emerald Airways,GEMSTONE,United Kingdom,N
EWW,,Emery Worldwide Airlines,EMERY,United States,N
EMT,,Emetebe,EMETEBE,Ecuador,N
UAE,EK,Emirates,EMIRATES,United Arab Emirates,Y
SBC,,Emoyeni Air Charter,SABIAN AIR,South Africa,N
EMP,,Empire Air Service,EMPIRE,United States,N
CFS,EM,Empire Airlines,EMPIRE AIR,United States,N
MPR,,Empire Aviation Services,,Nigeria,N
ETP,,Empire Test Pilots' School,TESTER,United Kingdom,N
AUO,,Empresa (Aero Uruguay),S.A.,UNIFORM OSCAR,N
PRG,,Empresa Aero-Servicios Parrague,ASPAR,Chile,N
CRN,,Empresa Aerocaribbean,AEROCARIBBEAN,Cuba,N
VNA,,Empresa Aviacion Interamericana,EBBA,Uruguay,N
EEA,EU,Empresa Ecuatoriana De Aviacion,ECUATORIANA,Ecuador,Y
CNI,,Empresa Nacional De Servicios Aereos,SERAER,Cuba,N
VNE,,Empresa Venezolana,VENEZOLANA,Venezuela,N
GTV,,Empresa de Aviacion Aerogaviota,GAVIOTA,Cuba,N
XLT,,Empressa Brasileira de Infra-Estrutura Aeroportuaria-Infraero,INFRAERO,Brazil,N
ENC,,Endecots,ENDECOTS,Ecuador,N
ENI,,Enimex,ENIMEX,Estonia,N
ENK,G8,Enkor JSC,ENKOR,Russia]],N
EGV,,Enrique Gleisner Vivanco,GLEISNER,Chile,N
ESE,,Ensenada Vuelos Especiales,ENSENADA ESPECIAL,Mexico,N
ENS,,Entergy Services,ENTERGY SHUTTLE,United States,N
EWS,,Enterprise World Airways,WORLD ENTERPRISE,Democratic Republic of the Congo,N
ESS,E0,Eos Airlines,NEW DAWN,United States,N
EKA,,Equaflight Service,EQUAFLIGHT,Republic of the Congo,N
EQZ,,Equatair Air Services (Zambia),ZAMBIA CARGO,Zambia,N
EQT,,Equatorial Airlines,,Equatorial Guinea,N
ERH,,Era Helicopters,ERAH,United States,N
IRY,,Eram Air,ERAM AIR,Iran,N
ERF,,Erfoto,ERFOTO,Portugal,N
ERE,,Erie Airways,AIR ERIE,United States,N
ERT,B8,Eritrean Airlines,ERITREAN,Eritrea,Y
CTV,,Escuela De Pilotos Are Aviacion,ARE AVIACION,Spain,N
EPC,,Espace Aviation Services,ESPACE,Democratic Republic of the Congo,N
ERC,,Esso Resources Canada,ESSO,Canada,N
ESF,E7,Estafeta Carga Aerea,,Mexico,N
ELL,OV,Estonian Air,ESTONIAN,Estonia,Y
ETA,,Estrellas Del Aire,ESTRELLAS,Mexico,N
ETH,ET,Ethiopian Airlines,ETHIOPIAN,Ethiopia,Y
MJM,,Eti 2000,ELCO ETI,Italy,N
ETD,EY,Etihad Airways,ETIHAD,United Arab Emirates,Y
ETM,,Etram Air Wing,ETRAM,Angola,N
EVN,,Euraviation,EURAVIATION,Italy,N
ECN,,Euro Continental AIE,EURO CONTINENTAL,Spain,N
ESN,,Euro Sun,EURO SUN,Turkey,N
EAK,,Euro-Asia Air,EAKAZ,Kazakhstan,N
KZE,,Euro-Asia Air International,KAZEUR,Kazakhstan,N
MMZ,,EuroAtlantic Airways,EUROATLANTIC,Portugal,N
GOJ,,EuroJet Aviation,GOJET,United Kingdom,N
EUP,,Euroair,EUROSTAR,Greece,N
EUU,,Euroamerican Air,EUROAMERICAN,Uruguay,N
ECY,,Euroceltic Airways,ECHELON,United Kingdom,N
EUC,,Eurocontrol,,Belgium,N
ECF,,Eurocopter,EUROCOPTER,France,N
ECA,UI,Eurocypria Airlines,EUROCYPRIA,Cyprus,Y
EEZ,,Eurofly,E-FLY,Italy,N
EEU,GJ,Eurofly Service,EUROFLY,Italy,Y
EUG,,Euroguineana de Aviacion,EUROGUINEA,Equatorial Guinea,N
ERJ,,Eurojet Italia,JET ITALIA,Italy,N
JLN,,Eurojet Limited,JET LINE,Malta,N
RDP,,Eurojet Romania,JET-ARROW,Romania,N
EJS,,Eurojet Servis,EEJAY SERVICE,Czech Republic,N
ELO,K2,Eurolot,EUROLOT,Poland,Y
EMX,3W,Euromanx Airways,EUROMANX,Austria,N
GED,,Europe Air Lines,LANGUEDOC,France,N
FPO,,Europe Airpost,FRENCH POST,France,N
EUT,,European 2000 Airlines,FIESTA,Malta,N
EAG,,European Aeronautical Group UK,,United Kingdom,N
EAL,EA,European Air Express,STAR WING,Germany,Y
BCS,QY,European Air Transport,EUROTRANS,Belgium,N
EAF,E7,European Aviation Air Charter,EUROCHARTER,United Kingdom,N
EBJ,,European Business Jets,,United Kingdom,N
ECB,,European Coastal Airlines,COASTAL CLIPPER,Croatia,N
ETV,,European Executive,EURO EXEC,United Kingdom,N
EXC,,European Executive Express,ECHO EXPRESS,Sweden,N
EBG,,Eurosense,EUROSENSE,Bulgaria,N
ESX,,Euroskylink,CATFISH,United Kingdom,N
EWG,EW,Eurowings,EUROWINGS,Germany,Y
EIA,EZ,Evergreen International Airlines,EVERGREEN,United States,Y
VTS,,Everts Air Alaska/Everts Air Cargo,EVERTS,United States,N
EMN,,Examiner Training Agency,AGENCY,United Kingdom,N
XLA,JN,Excel Airways,EXPO,United Kingdom,Y
XEL,,Excel Charter,HELI EXCEL,United Kingdom,Y
GZA,,Excellent Air,EXCELLENT AIR,Germany,N
EXA,MB,Execair Aviation,CANADIAN EXECAIRE,Canada,N
VCN,,Execujet Charter,AVCON,Switzerland,N
EJO,,Execujet Middle East,MIDJET,United Arab Emirates,N
VMP,,Execujet Scandinavia,VAMPIRE,Denmark,N
EAS,,Executive Aerospace,AEROSPACE,South Africa,N
LFL,,Executive Air,LIFE FLIGHT,Zimbabwe,N
EAC,,Executive Air Charter,EXECAIR,United States,N
XAF,,Executive Air Fleet,,United States,N
ECS,,Executive Aircraft Charter and Charter Services,ECHO,Ireland,N
XAH,,Executive Aircraft Services,,United Kingdom,N
EXK,OW,Executive Airlines,EXECUTIVE EAGLE,United States,N
EXU,,Executive Airlines,SACAIR,Spain,N
JTR,,Executive Aviation Services,JESTER,United Kingdom,N
EXE,,Executive Flight,EXEC,United States,N
TRI,,Executive Flight Operations Ontario Government,TRILLIUM,Canada,N
EXJ,,Executive Jet Charter,,United Kingdom,N
EJM,,Executive Jet Management,JET SPEED,United States,N
TEA,,Executive Turbine Aviation,TRAVELMAX,South Africa,N
EXF,,Eximflight,EXIMFLIGHT,Mexico,N
EXN,,Exin,EXIN,Poland,N
EXR,,Expertos En Carga,EXPERTOS ENCARGA,Mexico,N
EXV,8D,Expo Aviation,EXPOAVIA,Sri Lanka,N
FXA,,Express Air,EFFEX,United States,N
EIC,,Express International Cargo,EXCARGO,S,N
XPL,,Express Line Aircompany,EXPRESSLINE,United States,N
XNA,,Express Net Airlines,EXPRESSNET,United States,N
LHN,EO,Express One International,LONGHORN,United States,Y
XTO,,Express Tours,EXPRESS TOURS,Canada,N
BTA,XE,ExpressJet,JET LINK,United States,Y
JTM,,Exxavia Limited,SKYMAN,Ireland,N
EZY,U2,easyJet,EASY,United Kingdom,Y
EJA,,NetJets,,United States,N
EYE,,F.S. Air Service,SOCKEYE,United States,N
IFA,,FAI Airservice,RED ANGLE,Germany,N
FLC,,FINFO Flight Inspection Aircraft,FLIGHT CHECK,United States,N
FKI,,FLM Aviation Mohrdieck,KIEL AIR,Germany,N
DCM,,FLTPLAN,DOT COM,United States,N
FLW,,FLowair Aviation,QUICKFLOW,France,N
FMG,,FMG Verkehrsfliegerschule Flughafen Paderborn-Lippstadt,HUSKY,Germany,N
FRA,,FR Aviation,RUSHTON,United Kingdom,N
FSB,,FSB Flugservice & Development,SEABIRD,Germany,N
LEJ,,FSH Luftfahrtunternehmen,LEIPZIG FAIR,Germany,N
FBA,,Fab Air,FAB AIR,Kyrgyzstan,N
FCS,,Facts Air,MEXFACTS,Mexico,N
FAV,,Fair Aviation,FAIRAVIA,South Africa,N
FWD,,Fair Wind Air Charter,FAIR WIND,United Arab Emirates,N
FLS,,Fairlines,FAIRLINE,Netherlands,N
FFC,,Fairoaks Flight Centre,FAIROAKS,United Kingdom,N
FWY,,Fairways Corporation,FAIRWAYS,United States,N
FCN,,Falcon Air,FALCON,Sweden,N
FAR,,Falcon Air,FALCAIR,Slovenia,N
FAO,,Falcon Air Express,PANTHER,United States,N
FAU,,Falcon Airline,FALCON AIRLINE,Nigeria,N
FVS,,Falcon Aviation Services,FALCON AVIATION,United Arab Emirates,N
FJC,,Falcon Jet Centre,FALCONJET,United Kingdom,N
FAW,,Falwell Aviation,FALWELL,United States,N
EFA,EF,Far Eastern Air Transport,Far Eastern,Taiwan,Y
FDL,,Farmingdale State University,FARMINGDALE STATE,United States,N
FAH,,Farnair Hungary,BLUE STRIP,Hungary,N
FRN,,Farnair Netherlands,FARNED,Netherlands,N
FAT,,Farnair Switzerland,FARNER,Switzerland,N
RAF,,Farnas Aviation Services,FARNAS,Sudan,N
HBL,,Faroecopter,HELIBLUE,Denmark,N
RCK,F6,Faroejet,ROCKROSE,Faroe Islands,N
FRW,,Farwest Airlines,FARWEST,United States,N
FSW,F3,Faso Airways,FASO,Burkina Faso,N
FHL,,Fast Helicopters,FINDON,United Kingdom,N
FAY,,Fayban Air Services,FAYBAN AIR,Nigeria,N
SKM,,Fayetteville Flying Service and Scheduled Skyways System,SKYTEM,United States,N
FDR,,Federal Air,FEDAIR,South Africa,N
FLL,,Federal Airlines,FEDERAL AIRLINES,Sweden,N
DCN,,Federal Armed Forces,DIPLOMATIC CLEARANCE,Germany,N
FRM,,Federal Armored Service,FEDARM,United States,N
NHK,,Federal Aviation Administration,NIGHTHAWK,United States,N
FDX,FX,Federal Express,FEDEX,United States,N
FNK,,Feniks Airline,AURIKA,Kazakhstan,N
FER,,Feria Aviacion,FERIA,Spain,N
HGK,N8,Fika Salaama Airlines,SALAAMA,Uganda,N
FNC,4S,Finalair Congo,FINALAIR CONGO,Republic of the Congo,N
FAK,,Financial Airxpress,FACTS,United States,N
FBF,,Fine Airlines,FINE AIR,United States,N
FTR,,Finist'air,FINISTAIR,France,N
FIN,AY,Finnair,FINNAIR,Finland,Y
WBA,FC,Finncomm Airlines,WESTBIRD,Finland,Y
FNF,,Finnish Air Force,FINNFORCE,Finland,N
FFM,FY,Firefly,FIREFLY,Malaysia,Y
FAB,7F,First Air,,Canada,Y
JRF,,First Air Transport,,Japan,N
FCC,,First Cambodia Airlines,FIRST CAMBODIA,Cambodia,N
FCA,DP,First Choice Airways,JETSET,United Kingdom,Y
MBL,,First City Air,FIRST CITY,United Kingdom,N
GGA,,First Flying Squadron,JAWJA,United States,N
FIR,,First Line Air,FIRSTLINE AIR,Sierra Leone,N
FTS,,First Sabre,FIRST SABRE,Mexico,N
FFR,8F,Fischer Air,FISCHER,Czech Republic,N
FFP,,Fischer Air Polska,FLYING FISH,Poland,N
FSX,,Flagship Express Services,FLAG,United States,N
FLE,,Flair Airlines,FLAIR,Canada,N
WAF,,Flamenco Airways,FLAMENCO,United States,N
FMR,,Flamingo Air,FLAMINGO AIR,United States,N
FLN,,Flamingo Air-Line,ILIAS,Kazakhstan,N
FSH,,Flash Airlines,FLASH,Egypt,N
BWY,,Fleet Requirements Air Direction Unit,BROADWAY,United Kingdom,N
FLR,,Fleetair,FLEETAIR,South Africa,N
FXY,,Flexair,FLEXY,Netherlands,N
FXT,,Flexflight,,Denmark,N
TUD,,Flight Alaska,TUNDRA,United States,N
FCK,,Flight Calibration Service,NAV CHECKER,Germany,N
FCV,,Flight Centre Victoria,NAVAIR,Canada,N
FCP,,Flight Corporation,FLIGHTCORP,New Zealand,N
FDP,,Flight Dispatch Services,,Poland,N
FLX,,Flight Express,FLIGHT EXPRESS,United States,N
CFI,,Flight Inspection Center of the General Administration of Civil Aviation in China,CHINA JET,China,N
LTS,,Flight Inspections and Systems,SPECAIR,Russia,N
IVJ,,Flight International,INVADER JACK,United States,N
MIT,,Flight Line,MATCO,United States,N
FOI,,Flight Ops International,,United States,N
OPT,,Flight Options,OPTIONS,United States,N
CLB,,Flight Precision Limited,CALIBRATOR,United Kingdom,N
FSL,,Flight Safety Limited,FLIGHTSAFETY,United Kingdom,N
FSU,,Flight Support Sweden,,Sweden,N
CCK,,Flight Trac,CABLE CHECK,United States,N
AYR,,Flight Training Europe,CYGNET,Spain,N
FWQ,,Flight West Airlines,,Australia,N
KLO,,Flight-Ops International,KLONDIKE,Canada,N
CSK,,Flightcraft,CASCADE,United States,N
FEX,,Flightexec,FLIGHTEXEC,Canada,N
FLT,B5,Flightline,FLIGHTLINE,United Kingdom,Y
FPS,,Flightpass Limited,FLIGHTPASS,United Kingdom,N
FSR,,Flightstar Corporation,FLIGHTSTAR,United States,N
KDZ,,Flightworks,KUDZU,United States,N
FAZ,,Flint Aviation Services,FLINT AIR,United States,N
OJY,,Florida Air,OHJAY,United States,N
FCL,PA,Florida Coastal Airlines,FLORIDA COASTAL,United States,N
FFS,,Florida Department of Agriculture,FORESTRY,United States,N
FJS,,Florida Jet Service,FLORIDAJET,United States,N
FWL,RF,Florida West International Airways,FLO WEST,United States,Y
FFG,,Flugdienst Fehlhaber,WITCHCRAFT,Germany,N
FLU,,Flugschule Basel,YELLOW FLYER,Switzerland,N
EZB,,Flugschule Eichenberger,EICHENBURGER,Switzerland,N
FWZ,,Flugwerkzeuge Aviation Software,,Austria,N
FLM,F2,Fly Air,FLY WORLD,Turkey,N
FCT,,Fly CI Limited,DEALER,United Kingdom,N
FEE,,Fly Europa Limited,FLY EURO,United Kingdom,N
FXL,,Fly Excellent,FLY EXCELLENT,Sweden,N
NVJ,,Fly International Airways,NOUVINTER,Tunisia,N
FIL,,Fly Line,FLYLINE,Spain,N
FLY,SH,Fly Me Sweden,FLYBIRD,Sweden,N
IAD,,Fly Wex,FLYWEX,Italy,N
XAX,D7,AirAsia X,XANADU,Malaysia,Y
LIL,TE,FlyLal,LITHUANIA AIR,Lithuania,Y
NDC,LF,FlyNordic,NORDIC,Sweden,Y
BBO,F7,Flybaboo,BABOO,Switzerland,Y
BEE,BE,Flybe,JERSEY,United Kingdom,Y
FCE,,Flycolumbia,FLYCOLUMBIA,Spain,N
FLO,,Flycom,FLYCOM,Slovenia,N
GVG,,Flygaktiebolaget Gota Vingar,BLUECRAFT,Sweden,N
GSM,B4,Flyglobespan,GLOBESPAN,United Kingdom,Y
FPA,,Flygprestanda,,Sweden,N
ETS,,Flygtransporter I Nykoping,EXTRANS,Sweden,N
INU,,Flyguppdraget Backamo,INSTRUCTOR,Sweden,N
FYH,,Flyhy Cargo Airlines,FLY HIGH,Thailand,Y
FCR,,Flying Carpet Company,FLYING CARPET,Lebanon,N
FYG,,Flying Service,FLYING GROUP,Belgium,N
FGP,,Flying-Research Aerogeophysical Center,FLYING CENTER,Russia,N
FLK,,Flylink Express,FLYLINK,Spain,N
FTM,,Flyteam Aviation,FLYTEAM,United Kingdom,N
FKS,,Focus Air,FOCUS,United States,N
FOP,,Fokker,,Netherlands,N
NOF,,Fonnafly,FONNA,Norway,N
FOB,,Ford Motor Company,FORDAIR,United Kingdom,N
FOS,VY,Formosa Airlines,,Taiwan,Y
FOR,,Formula One Management,FORMULA,United Kingdom,N
FHS,,Forth and Clyde Helicopter Services,HELISCOT,United Kingdom,N
FXC,,Fortunair Canada,AIR FUTURE,Canada,N
FSA,,Foster Aviation,FOSTER-AIR,United States,N
JFY,,Foster Yeoman,YEOMAN,United Kingdom,N
FTE,,Fotografia F3,FOTOGRAFIA,Spain,N
FIA,,Four Island Air,ISLANDAIR,Antigua and Barbuda,N
FSC,HK,Four Star Aviation / Four Star Cargo,FOUR STAR,United States,N
WDS,,Four Winds Aviation,WINDS,United States,N
FXR,,Foxair,WILDFOX,Italy,N
FDO,,France Douanes,FRENCH CUSTOM,France,N
FHY,,Free Bird Airlines,FREE BIRD,Turkey,N
FOM,,Freedom Air,FREE AIR,New Zealand,N
FRE,FP,Freedom Air,FREEDOM,United States,Y
FFF,,Freedom Air Services,INTER FREEDOM,Nigeria,N
FRL,,Freedom Airlines,FREEDOM AIR,United States,Y
FAS,,Freedom Airways,FREEDOM AIRWAYS,Cyprus,N
FWC,,Freeway Air,FREEWAY,Netherlands,N
FRG,,Freight Runners Express,FREIGHT RUNNERS,United States,N
FAF,,Force Aerienne Francaise,FRENCH AIR FORCE,France,N
FMY,,Aviation Legere De L'Armee De Terre,FRENCH ARMY,France,N
FNY,,France Marine Nationale,FRENCH NAVY,France,N
FRR,,Fresh Air,FRESH AIR,Nigeria,N
FAE,,Freshaer,WILDGOOSE,United Kingdom,N
FAL,,Friendship Air Alaska,FRIENDSHIP,United States,N
FLF,,Friendship Airlines,FRIEND AIR,Uganda,N
FGY,,Froggy Corporate Aviation,,Australia,N
FFT,F9,Frontier Airlines,FRONTIER FLIGHT,United States,Y
ITR,,Frontier Commuter,OUT BACK,United States,N
FTA,2F,Frontier Flying Service,FRONTIER-AIR,United States,Y
FNG,,Frontier Guard,FINNGUARD,Finland,N
FUJ,,Fujairah Aviation Centre,FUJAIRAH,United Arab Emirates,N
CFJ,,Fujian Airlines,FUJIAN,China,N
GAX,,Full Express,GRAND AIRE,United States,N
FAM,,Fumigacion Aerea Andaluza,FAASA,Spain,N
FFY,,Fun Flying Thai Air Service,FUN FLYING,Thailand,N
ROG,,Fundació Rego,REGO,Spain,N
FUN,,Funtshi Aviation Service,FUNTSHI,Democratic Republic of the Congo,N
FGL,,Futura Gael,Applewood,Ireland,N
FUA,FH,Futura International Airways,FUTURA,Spain,N
GML,,G & L Aviation,GEEANDEL,South Africa,N
EXH,,G5 Executive,BATMAN,Germany,N
MTA,,GAK/Mitchell Aero,GAK AVIATION,United States,N
GGS,,GATSA,GATSA,Mexico,N
GBX,,GB Airlink,ISLAND TIGER,United States,N
GBL,GT,GB Airways,GEEBEE AIRWAYS,United Kingdom,Y
GCS,,GCS Air Service,GALION,United States,N
FFU,,GEC Marconi Avionics,FERRANTI,United Kingdom,N
GCC,,GECAS,GECAS,Ireland,N
GEN,,GENSA,GENSA-BRASIL,Brazil,N
GET,,GETRA,GETRA,Equatorial Guinea,N
GFW,,GFW Aviation,,Australia,N
GHI,,GH Stansted Limited,,United Kingdom,N
GMG,,GM Helicopters,GEE-EM HELICOPTERS,Latvia,N
GPE,,GP Express Airlines,REGIONAL EXPRESS,United States,N
GPR,,GPM Aeroservicio,GPM AEROSERVICIO,Mexico,N
GIB,,GR-Avia,GRAVIA,Guinea,N
BMK,,GST Aero Aircompany,MURAT,Kazakhstan,N
GTX,,GTA Air,BIG-DEE,United States,N
GAH,,Ga-Ma Helicoptere,GAMHELICO,France,N
GBE,,Gabon Express,GABEX,Gabon,N
GRT,,Gabon-Air-Transport,,Gabon,N
GIG,,Gacela Air Cargo,GACELA AIR,Mexico,N
GFC,,Gail Force Express,GAIL FORCE,United States,N
GNJ,,Gain Jet Aviation,HERCULES JET,Greece,N
SWF,,Galair International,GALAIR,United Kingdom,N
GLS,,Galaircervis,GALS,Ukraine,N
GAL,7O,Galaxy Air,GALAXY,Kyrgyzstan,N
GXY,,Galaxy Airlines,GALAX,Japan,N
GAS,,Galena Air Service,GALENA AIR SERVICE,United States,N
GMA,,Gama Aviation,GAMA,United Kingdom,N
GNR,GC,Gambia International Airlines,GAMBIA INTERNATIONAL,Gambia,N
NML,,Gambia New Millennium Air,NEWMILL,Gambia,N
GMJ,,Gamisa Aviacion,GAMISA,Spain,N
GNF,G7,Gandalf Airlines,Gandalf,Italy,N
GAN,,Gander Aviation,GANAIR,Canada,N
GSA,,Garden State Airlines,GARDEN STATE,United States,N
AHM,,Garrison Aviation,AIR HURON,Canada,N
GIA,GA,Garuda Indonesia,INDONESIA,Indonesia,Y
GHS,,Gatari Hutama Air Services,GATARI,Indonesia,N
EGO,,Gauteng Air Cargo,GAUTENG,South Africa,N
GVN,,Gavina,GAVINA,Spain,N
GZP,4G,Gazpromavia,GAZPROMAVIA,Russia,Y
GEE,,Geesair,GEESAIR,Canada,N
GCO,GR,Gemini Air Cargo,GEMINI,United States,N
GAB,,Gendall Air,GENDALL,Canada,N
GDB,,Gendarmerie Belge,BELGIAN GENERMERIE,Belgium,N
FGN,,Gendarmie Nationale,FRANCE GENDARME,France,N
SWK,,General Aerospace,SKYWALKER,Canada,N
GWS,,General Airways,GENAIR,South Africa,N
GNZ,,General Aviation,GONZO,Poland,N
GTH,,General Aviation Flying Services,GOTHAM,United States,N
XGA,,General Aviation Terminal,,Canada,N
GMC,,General Motors,GENERAL MOTORS,United States,N
GNX,,Genex,,Belarus,N
GSL,,Geographic Air Surveys,SURVEY-CANADA,Canada,N
TGZ,A9,Georgian Airways,TAMAZI,Georgia,Y
FGA,,Georgian Aviation Federation,GEORGIA FED,Georgia,N
GGF,,Georgian Cargo Airlines Africa,GEORGIAN AFRICA,Senegal,N
GFG,QB,Georgian National Airlines,NATIONAL,Georgia,Y
GPL,,DLR,GERMAN POLAR,Germany,N
GAF,,German Air Force,GERMAN AIR FORCE,Germany,N
GAM,,German Army,GERMAN ARMY,Germany,N
GNY,,German Navy,GERMAN NAVY,Germany,N
GHY,,German Sky Airlines,GERMAN SKY,Germany,N
GMI,ST,Germania,GERMANIA,Germany,Y
GWI,4U,Germanwings,GERMAN WINGS,Germany,Y
GDN,,Gerry's Dnata,,Pakistan,N
GFD,,Gesekkschaft Fur Flugzieldarstellung,KITE,Germany,N
GES,GP,Gestair,GESTAIR,Spain,N
GTR,,Gestar,STAR GESTAR,Chile,N
GJT,,Gestion Aerea Ajecutiva,BANJET,Spain,N
GHT,,Ghadames Air Transport,,Libya,N
GHA,,Ghana Airways,GHANA,Ghana,N
GHB,G0,Ghana International Airlines,GHANA AIRLINES,Ghana,Y
NTC,,Gibson Aviation,NIGHT CHASE,United States,N
RPS,,Global Air Charter,RESPONSE,United States,N
GAG,,Global Air Operations,GLOBAL AIRGROUP,Comoros,N
GBS,,Global Air Services Nigeria,GLOBAL SERVE,Nigeria,N
GLC,,Global Aircargo,,Bahrain,N
BSP,,Global Airways,,Democratic Republic of Congo,N
GBB,,Global Aviation Operations,GLOBE,South Africa,N
GAK,,Global Aviation and Services Group,AVIAGROUP,Libya,N
GGZ,,Global Georgian Airways,GLOBAL GEORGIAN,Georgia,N
GLJ,,Global Jet Austria,GLOBAL AUSTRIA,Austria,N
NSM,,Global Jet Corporation,THUNDERCLOUD,United States,N
SVW,,Global Jet Luxembourg,SILVER ARROWS,Luxembourg,N
GSK,,Global Sky Aircharter,GLOBAL SKY,United States,N
GSS,,Global Supply Systems,JET LIFT,United Kingdom,N
XGS,,Global System,,United States,N
XGW,,Global Weather Dynamics,,United States,N
GLW,,Global Wings,,Japan,N
GJA,,Globe Jet,,Lebanon,N
GOW,G8,Go Air,GOAIR,India,Y
GJS,G7,GoJet Airlines,GATEWAY,United States,Y
GGE,,Gobierno De Guinea Ecuatorial,,Equatorial Guinea,N
GOF,,Gof-Air,GOF-AIR,Mexico,N
GOI,,Gofir,SWISS HAWK,Switzerland,N
GLO,G3,Gol Transportes Aéreos,GOL TRANSPORTE,Brazil,Y
GBT,,Gold Belt Air Transport,GOLD BELT,Canada,N
GDA,,GoldAir,AIR PARTNER,United Kingdom,N
GDK,,Goldeck-Flug,GOLDECK FLUG,Austria,N
GAO,DC,Golden Air,GOLDEN,Sweden,Y
GDD,,Golden Airlines,GOLDEN AIRLINES,United States,N
GPA,,Golden Pacific Airlines,GOLDEN PAC,United States,N
GRS,,Golden Rule Airlines,GOLDEN RULE,Kyrgyzstan,N
GLD,,Golden Star Air Cargo,GOLDEN STAR,Sudan,N
GOS,,Goldfields Air Services,,Australia,N
GAQ,,Golfe Air Quebec,GOLFAIR,Canada,N
GLE,,Goliaf Air,GOLIAF AIR,Sao Tome and Principe,N
GOM,,Gomel Airlines,GOMEL,Belarus,N
RDR,,Goodridge (UK) Limited,RED STAR,United Kingdom,N
IKA,G1,Gorkha Airlines,GORKHA AIRLINES,Nepal,N
GOR,,Gorlitsa Airlines,GORLITSA,Ukraine,N
HKG,,Government Flying Service,HONGKONG GOVERNMENT,Hong Kong SAR of China,N
GRZ,,Government of Zambia Communications Flight,COM FLIGHT,Zambia,N
HLD,,Grampian Flight Centre,GRANITE,United Kingdom,N
GAV,,Granada Aviacion,GRANAVI,Spain,N
GAE,,Grand Aire Express,GRAND EXPRESS,United States,N
GND,,Grand Airways,GRAND VEGAS,United States,N
CVU,,Grand Canyon Airlines,CANYON VIEW,United States,N
GUN,GS,Grant Aviation,HOOT,United States,N
LMK,,Grantex Aviation,LANDMARK,United Kingdom,N
GRA,,Great American Airways,GREAT AMERICAN,United States,N
GLA,ZK,Great Lakes Airlines,LAKES AIR,United States,Y
GLU,,Great Lakes Airways (Uganda),LAKES CARGO,Uganda,N
GRP,,Great Plains Airlines,GREAT PLAINS,United States,N
GWL,IJ,Great Wall Airlines,GREAT WALL,China,N
GWA,,Great Western Air,G-W AIR,United States,N
HAF,,Hellenic Air Force,HELLENIC AIR FORCE,Greece,N
HNA,,Greek Navy,HELLENIC NAVY,Greece,N
GFF,,Griffin Aviation,GRIFFIN AIR,Cyprus,N
GXA,,Grixona,GRIXONA,Moldova,N
GZD,,Grizodubova Air Company,GRIZODUBOVA AIR,Russia,N
HTG,,Grossmann Air Service,GROSSMANN,Austria,N
GSJ,,Grossmann Jet Service,GROSSJET,Czech Republic,N
GHV,,Ground Handling Service de Mexico,GROUND HANDLING,Mexico,N
GPM,,Grup Air-Med,GRUPOMED,Spain,N
EJC,,Grupo De Aviacion Ejecutiva,GRUPOEJECUTIVA,Mexico,N
TAT,TA,Grupo TACA,TACA-COSTARICA,Costa Rica,Y
VMM,,Grupo Vuelos Mediterraneo,VUELOS MED,Spain,N
GMT,,Grupoaereo Monterrey,GRUPOMONTERREY,Mexico,N
GSY,,Guard Systems,GUARD AIR,Norway,N
BSR,G6,Guine Bissaur Airlines,BISSAU AIRLINES,Guinea-Bissau,N
GIJ,,Guinea Airways,GUINEA AIRWAYS,Guinea,N
GNC,,Guinea Cargo,GUINEA CARGO,Equatorial Guinea,N
GIF,J9,Guinee Airlines,GUINEE AIRLINES,Guinea,N
GEA,,Guinea Ecuatorial Airlines,GEASA,Equatorial Guinea,N
GIQ,,Guinee Paramount Airlines,GUIPAR,Guinea,N
CGH,,Guizhou Airlines,GUIZHOU,China,N
GUS,,Guja,GUJA,Mexico,N
GUJ,G8,Gujarat Airways,GUJARATAIR,India,N
TSU,,Gulf & Caribbean Cargo / Contract Air Cargo,TRANSAUTO,United States,N
GUF,,Gulf African Airlines - Gambia,GULF AFRICAN,,N
GFA,,Gulf Air,GULF AIR,Oman,Y
GBA,GF,Gulf Air Bahrain,GULF BAHRAIN,Bahrain,Y
GAT,,Gulf Air Inc,GULF TRANS,United States,N
GCN,,Gulf Central Airlines,GULF CENTRAL,United States,N
SFY,,Gulf Flite Center,SKY FLITE,United States,N
GPC,,Gulf Pearl Air Lines,AIR GULFPEARL,Libya,N
GLF,,Gulfstream Aerospace,GULFSTREAM TEST,United States,N
GFS,,Gulfstream Airlines,GULFSTAR,United States,N
GFT,,Gulfstream International Airlines,GULF FLIGHT,United States,Y
GUL,,Gull Air,GULL-AIR,United States,N
GUM,,Gum Air,GUM AIR,Suriname,N
GDH,,Guneydogu Havacilik Isletmesi,RISING SUN,Turkey,N
GWN,,Gwyn Aviation,GWYN,United Kingdom,N
HLA,,HC Airlines,HEAVYLIFT,United Kingdom,N
HWD,,HPM Investments,FLITEWISE,United Kingdom,N
KTR,,HT Helikoptertransport,COPTER TRANS,Sweden,N
AHT,,HTA Helicopteros,HELIAPRA,Portugal,N
FMS,,Hadison Aviation,HADI,United States,N
HAG,H6,Hageland Aviation Services,HAGELAND,United States,Y
POW,,Hagondale Limited,AIRNET,United Kingdom,N
HHN,HR,Hahn Air,ROOSTER,Germany,N
CHH,HU,Hainan Airlines,HAINAN,China,Y
HLS,,Haiti Air Freight,,Haiti,N
HAM,2T,Haiti Ambassador Airlines,,Haiti,Y
HTI,,Haiti International Air,HAITI INTERNATIONAL,Haiti,N
HRB,,Haiti International Airline,HAITI AIRLINE,Haiti,N
HNR,,Haiti National Airlines (HANA),HANAIR,Haiti,N
HTN,,Haiti North Airline,,Haiti,N
HTC,,Haiti Trans Air,HAITI TRANSAIR,Haiti,N
HBC,,Haitian Aviation Line,HALISA,Haiti,N
HAJ,,Hajvairy Airlines,HAJVAIRY,Pakistan,N
HKL,,Hak Air,HAK AIRLINE,Nigeria,N
HLH,,Hala Air,HALA AIR,Sudan,N
HCN,,Halcyon Air/Bissau Airways,HALCYON,Guinea-Bissau,N
HHI,4R,Hamburg International,HAMBURG JET,Germany,Y
HJL,,Hamlin Jet,BIZJET,United Kingdom,N
HMM,,Hamra Air,HAMRA,United Arab Emirates,N
WVA,,Hand D Aviation,WABASH VALLEY,United States,N
HGR,,Hangar 8,HANG,United Kingdom,N
HGD,,Hangard Aviation,HANGARD,Mongolia,N
HAN,,Hansung Airlines,HANSUNG AIR,Republic of Korea,N
HLX,X3,TUIfly,YELLOW CAB,Germany,Y
HLF,HF,Hapagfly,HAPAG LLOYD,Germany,Y
HAR,HB,Harbor Airlines,HARBOR,United States,N
HMY,HQ,Harmony Airways,HARMONY,Canada,N
NBR,,Haughey Air,NORBROOK,United Kingdom,N
PYN,,Haverfordwest Air Charter Services,POYSTON,United Kingdom,N
HAV,,Havilah Air Services,HAVILAH,Nigeria,N
HAL,HA,Hawaiian Airlines,HAWAIIAN,United States,Y
HKR,,Hawk Air,AIR HAW,Argentina,N
HMX,,Hawk De Mexico,HAWK MEXICO,Mexico,N
HKI,,Hawkaire,HAWKEYE,United States,N
HZL,,Hazelton Airlines,HAZELTON,Australia,N
HVY,HN,Heavylift Cargo Airlines,HEAVY CARGO,Australia,N
HVL,,Heavylift International,HEAVYLIFT INTERNATIONAL,United Arab Emirates,N
HDC,,Helcopteros De Cataluna,HELICATALUNA,Spain,N
HCB,,Helenair (Barbados),HELEN,Barbados,N
HCL,,Helenair Corporation,HELENCORP,Saint Lucia,N
HHP,,Helenia Helicopter Service,HELENIA,Denmark,N
HLR,,Heli Air Services,HELI BULGARIA,Bulgaria,N
ALJ,,Heli Ambulance Team,ALPIN HELI,Austria,N
HEB,,Heli Bernina,HELIBERNINA,Switzerland,N
HFR,8H,Heli France,HELIFRANCE,France,Y
HYH,,Heli Hungary,HELIHUNGARY,Hungary,N
HLM,,Heli Medwest De Mexico,HELIMIDWEST,Mexico,N
HLI,,Heli Securite,HELI SAINT-TROPEZ,France,N
HTP,,Heli Trip,HELI TRIP,Mexico,N
HLU,,Heli Union Heli Prestations,HELI UNION,France,N
MCM,,Heli-Air-Monaco,HELI AIR,Monaco,N
HHE,,Heli-Holland,HELI HOLLAND,Netherlands,N
HRA,,Heli-Iberica,ERICA,Spain,N
HIF,,Heli-Iberica Fotogrametria,HIFSA,Spain,N
HIG,,Heli-Inter Guyane,INTER GUYANNE,France,N
HLK,,Heli-Link,HELI-LINK,Switzerland,N
HMC,,Heliamerica De Mexico,HELIAMERICA,Mexico,N
HEA,,Heliavia-Transporte Aereo,HELIAVIA,Portugal,N
CDY,,Heliaviation Limited,CADDY,United Kingdom,N
HIB,,Helibravo Aviacao,HELIBRAVO,Portugal,N
HLC,,Helicap,HELICAP,France,N
COV,,Helicentre Coventry,HELICENTRE,United Kingdom,N
HEL,,Helicol,HELICOL,Colombia,N
HCP,,Helicopter,HELI CZECH,Czech Republic,N
JKY,,Helicopter & Aviation Services,JOCKEY,United Kingdom,N
MVK,,Helicopter Training & Hire,MAVRIK,United Kingdom,N
HAP,,Helicopteros Aero Personal,HELIPERSONAL,Mexico,N
HAA,,Helicopteros Agroforestal,AGROFORESTAL,Chile,N
HNT,,Helicopteros Internacionales,HELICOP INTER,Mexico,N
HEN,,Helicopteros Y Vehiculos Nacionales Aereos,HELINAC,Mexico,N
HHH,,Helicsa,HELICSA,Spain,N
JBA,JB,Helijet,HELIJET,Canada,Y
HDR,,Helikopterdrift,HELIDRIFT,Norway,N
SCO,,Helikopterservice Euro Air,SWEDCOPTER,Sweden,N
OCE,,Heliocean,HELIOCEAN,France,N
HCY,ZU,Helios Airways,HELIOS,Cyprus,N
HLP,,Helipistas,HELIPISTAS,Spain,N
HPL,,Heliportugal,HELIPORTUGAL,Portugal,N
HEC,,Heliservicio Campeche,HELICAMPECHE,Mexico,N
HSU,,Helisul,HELIS,Portugal,N
HSI,,Heliswiss,HELISWISS,Switzerland,N
HLT,,Helitafe,HELITAFE,Mexico,N
HIT,,Helitalia,HELITALIA,Italy,N
OFA,,Helitaxi Ofavi,OFAVI,Mexico,N
HTA,,Helitrans,SCANBIRD,Norway,N
HTS,,Helitrans Air Service,HELITRANS,United States,N
HLW,,Heliworks,HELIWORKS,Chile,N
HEJ,T4,Hellas Jet,HELLAS JET,Greece,Y
FHE,HW,Hello,FLYHELLO,Switzerland,Y
HLG,,Helog,HELOG,Switzerland,N
OAW,2L,Helvetic Airways,HELVETIC,Switzerland,Y
HMS,DU,Hemus Air,HEMUS AIR,Bulgaria,N
HAC,,Henebury Aviation,,Australia,N
SSH,,Heritiage Flight (Valley Air Services),SNOWSHOE,United States,N
MRX,,Herman's Markair Express,SPEEDMARK,United States,N
HED,,Herritage Aviation Developments,FLAPJACK,United Kingdom,N
ALX,EO,Hewa Bora Airways,ALLCONGO,Democratic Republic of the Congo,N
HER,UD,Hex'Air,HEX AIRLINE,France,Y
HHS,,Hi-Jet Helicopter Services,HIJET,Suriname,N
HFY,5K,Hi Fly,SKY FLYER,Portugal,N
HLB,,High-Line Airways,HIGH-LINE,Canada,N
HWY,,Highland Airways,HIWAY,United Kingdom,Y
HIS,,Hispaniola Airways,HISPANIOLA,Dominican Republic,N
HGA,,Hogan Air,HOGAN AIR,United States,N
NTH,,Hokkaido Air System,NORTH AIR,Japan,N
ADO,HD,Hokkaido International Airlines,AIR DO,Japan,Y
ABH,,Hokuriki-Koukuu Company,,Japan,N
HOA,H5,Hola Airlines,HOLA,Spain,N
HIN,,Holding International Group,HOLDING GROUP,Mexico,N
HOL,,Holiday Airlines,HOLIDAY,United States,N
HTR,,Holstenair Lubeck,HOLSTEN,Germany,N
HMV,,Homac Aviation,HOMAC,Luxembourg,N
HAS,,Honduras Airlines,HONDURAS AIR,Honduras,N
CRK,HX,Hong Kong Airlines,BAUHINIA,Hong Kong SAR of China,Y
HKE,UO,Hong Kong Express Airways,HONGKONG SHUTTLE,Hong Kong SAR of China,Y
HEX,,Honiara Cargo Express,HONIARA CARGO,Solomon Islands,N
HPJ,,Hop-A-Jet,HOPA-JET,United States,N
QXE,QX,Horizon Air,HORIZON AIR,United States,Y
KOK,,Horizon Air Service,KOKO,United States,N
HSM,,Horizon Air for Transport and Training,ALOFUKAIR,Libya,N
HOR,,Horizon Air-Taxi,HORIZON,Switzerland,N
HZA,BN,Horizon Airlines,,Australia,Y
HPS,,Horizon Plus,HORIZON PLUS,Bangladesh,N
HUD,,Horizons Unlimited,HUD,United States,N
HOZ,,Horizontes Aereos,HORIZONTES AEREOS,Mexico,N
HDI,,Hoteles Dinamicos,DINAMICOS,Mexico,N
HHO,,Houston Helicopters,HOUSTON HELI,United States,N
GGV,,Houston Jet Services,GREGG AIR,Austria,N
OZU,,Hozu-Avia,HOZAVIA,Kazakhstan,N
HUB,,Hub Airlines,HUB,United States,N
HUS,,Huessler Air Service,HUESSLER,United States,N
GMH,,Hughes Aircraft Company,HUGHES EXPRESS,United States,N
WHR,,Hummingbird Helicopter Service,WHIRLEYBIRD,United States,N
HUV,,Hunair Hungarian Airlines,SILVER EAGLE,Hungary,N
HUF,,Hungarian Air Force,HUNGARIAN AIRFORCE,Hungary,N
HYA,,Hyack Air,HYACK,Canada,N
HYC,,Hydro Air Flight Operations,HYDRO CARGO,South Africa,N
HYD,,Hydro-Québec,HYDRO,Canada,N
ITC,,International Air Carrier Association,,Belgium,N
CSQ,II,IBC Airways,CHASQUI,United States,N
IBL,,IBL Aviation,CATOVAIR,Mauritius,N
BBL,,IBM Euroflight Operations,BLUE,Switzerland,N
YYY,,ICAO,,,N
CIC,,ICC Canada,AIR TRADER,Canada,N
IDG,,IDG Technology Air,INDIGO,Czech Republic,N
IFL,,IFL Group,EIFEL,United States,N
RDE,,II Lione Alato Arl,FLIGHT RED,United Kingdom,N
IJM,,IJM International Jet Management,JET MANAGEMENT,Austria,N
IKK,,IKI International Airlines,IKIAIR,Japan,N
IKN,,IKON FTO,IKON,Germany,N
BLU,,IMP Aviation Services,BLUENOSE,Canada,N
XGG,,IMP Group Aviation Services,,Canada,N
IPA,,IPEC Aviation,IPEC,Australia,N
IPM,,IPM Europe,SHIPEX,United Kingdom,N
LVB,,IRS Airlines,SILVERBIRD,Nigeria,N
ISD,,ISD Avia,ISDAVIA,Ukraine,N
FDF,,IVV Femida,,Russia,N
IBE,IB,Iberia Airlines,IBERIA,Spain,Y
IBR,,Ibertour Servicios Aereos,IBERTOUR,Spain,N
IBT,,Ibertrans Aerea,IBERTRANS,Spain,N
IWD,TY,Iberworld,,Spain,Y
IBX,FW,Ibex Airlines,IBEX,Japan,Y
IBC,,Ibicenca Air,IBICENCA,Spain,N
AKI,,Ibk-Petra,,Sudan,N
RAC,,Icar Air,TUZLA AIR,Bosnia and Herzegovina,Y
FRC,,Icare Franche Compte,FRANCHE COMPTE,France,N
ICD,,Icaro,ICARO,Ecuador,N
ICA,,Icaro,ICARFLY,Italy,N
IUS,,Icarus,ICARUS,Italy,N
ICJ,,Icejet,ICEJET,Iceland,N
ICE,FI,Icelandair,ICEAIR,Iceland,Y
ICG,,Icelandic Coast Guard,ICELAND COAST,Iceland,N
IKR,,Ikaros DK,IKAROS,Denmark,N
CIO,,Il Ciocco International Travel Service,CIOCCO,Italy,N
ILV,,Il-Avia,ILAVIA,Russia,N
IDL,,Ildefonso Redriguez,ILDEFONSO,Mexico,N
IAR,,Iliamna Air Taxi,ILIAMNA AIR,United States,N
ILP,,Ilpo Aruba Cargo,,Aruba,N
ILL,,Ilyich-Avia,ILYICHAVIA,Ukraine,N
IMR,,Imaer,IMAER,Portugal,N
ITX,IK,Imair Airlines,IMPROTEX,Azerbaijan,Y
PNX,,Imperial Airways,PHOENIX,United States,N
IMT,,Imtrec Aviation,IMTREC,Cambodia,N
IDE,DH,Independence Air,INDEPENDENCE AIR,United States,N
IDP,,Independent Air Freighters,INDEPENDENT,Australia,N
IGO,6E,IndiGo Airlines,IFLY,India,Y
IIL,,India International Airways,INDIA INTER,India,N
IFC,,Indian Air Force,INDIAN AIRFORCE,India,N
IAC,IC,Indian Airlines,INDAIR,India,Y
IDR,,Indicator Company,INDICATOR,Hungary,N
IBU,I9,Indigo,INDIGO BLUE,United States,Y
IDA,,Indonesia Air Transport,INTRA,Indonesia,N
AWQ,QZ,Indonesia AirAsia,WAGON AIR,Indonesia,Y
IAA,IO,Indonesian Airlines,INDO LINES,Indonesia,Y
IPN,,Industri Pesawat Terbang Nusantara,NUSANTARA,Indonesia,N
ITN,,Industrias Titan,TITANLUX,Spain,N
FFI,,Infinit Air,INFINIT,Spain,N
INS,,Inflite The Jet Centre,,United Kingdom,N
IVA,,Innotech Aviation,INNOTECH,Canada,N
INC,,Insel Air International,INSELAIR,Netherlands Antilles,N
ICC,,Instituto Cartografico de Cataluna,CARTO,Spain,N
INT,,Intair,INTAIRCO,Canada,N
INL,,Intal Avia,INTAL AVIA,Kyrgyzstan,N
FFL,,Intavia Limited,,United Kingdom,N
IJT,IJ,InteliJet Airways,INTELIJET,Colombia,N
XRA,,Intensive Air,INTENSIVE,South Africa,N
ITW,,Inter Air,INTER WINGS,Bulgaria,N
INX,,Inter Express,INTER-EURO,Turkey,N
IIN,H4,Inter Islands Airlines,,Cape Verde,N
CAR,,Inter RCA,QUEBEC ROMEO,Central African Republic,N
NTT,,Inter Tropic Airlines,INTER-TROPIC,Sierra Leone,N
ITA,,Inter-Air,CAFEX,United States,N
ICN,,Inter-Canadian,INTER-CANADIAN,Canada,N
UGL,,Inter-Island Air,UGLY VAN,United States,N
IMA,,Inter-Mountain Airways,INTER-MOUNTAIN,United States,N
ITS,,Inter-State Aviation,INTER-STATE,United States,N
ILN,D6,Interair South Africa,INLINE,South Africa,Y
NTE,,Interaire,INTERMEX,Mexico,N
SUW,ZA,Interavia Airlines,ASTAIR,Russia,Y
IVT,,Interaviatrans,INTERAVIA,Ukraine,N
ICT,RS,Intercontinental de Aviaci,CONTAVIA,Colombia,N
ICP,,Intercopters,CHOPER,Spain,N
IFT,,Interflight,INTERFLIGHT,United Kingdom,N
IJT,,Interflight (Learjet),,United Kingdom,N
RFL,,Interfly,INFLY,Italy,N
IFF,,Interfreight Forwarding,INTERFREIGHT,Sudan,N
IGN,,Interguide Air,DIVINE AIR,Nigeria,N
ISN,,Interisland Airlines,TRI-BIRD,Philippines,N
IWY,,Interisland Airways Limited,ISLANDWAYS,Turks and Caicos Islands,N
MTF,,Interjet,INTERJET,Italy,N
IHE,,Interjet Helicopters,INTERCOPTER,Greece,N
ITK,ID,Interlink Airlines,INTERLINK,South Africa,Y
IAK,,International Air Cargo Corporation,AIR CARGO EGYPT,Egypt,N
EXX,,International Air Corporation,EXPRESS INTERNATIONAL,United States,N
IAS,,International Air Service,STARFLEET,United States,N
IAX,,International Air Services,INTERAIR SERVICES,Liberia,N
IBZ,6I,International Business Air,INTERBIZ,Sweden,N
IBY,,International Business Aircraft,CENTRAL STAGE,United States,N
ICS,,International Charter Services,INTERSERVI,Mexico,N
ICX,,International Charter Xpress,INTEX,United States,N
RED,,International Committee of the Red Cross,RED CROSS,Switzerland,N
IIG,,International Company for Transport,Trade and Public Works,ALDAWLYH AIR,N
IFX,,International Flight Training Academy,IFTA,United States,N
IJA,,International Jet Aviation Services,I-JET,United States,N
HSP,,International Jet Charter,HOSPITAL,United States,N
RSQ,,International SOS WIndhoek,SKYMEDIC,Namibia,N
ISF,,International Sabilisation Assistance Force,,United Kingdom,N
THN,,International Security Assistance Force,ATHENA,Canada,N
ITH,,International Trans-Air,INTRANS NIGERIA,Nigeria,N
IPT,,Interport Corporation,INTERPORT,United States,N
IKY,,Intersky,GENERAL SKY,Bulgaria,N
ISK,3L,Intersky,INTERSKY,Austria,Y
FWA,I4,Interstate Airline,FREEWAYAIR,Netherlands,N
ITU,,Intervuelos,INTERLOS,Mexico,N
INV,,Inversija,INVER,Latvia,N
IND,,Iona National Airways,IONA,Ireland,N
IOA,,Iowa Airways,IOWA AIR,United States,N
IRA,IR,Iran Air,IRANAIR,Iran,Y
IRC,EP,Iran Aseman Airlines,,Iran,Y
IRB,,Iranair Tours,,Iran,N
IRG,,Naft Air Lines,NAFT,Iran,N
IAW,IA,Iraqi Airways,IRAQI,Iraq,Y
BIS,,Irbis Air,IRBIS,Kazakhstan,N
IRL,,Irish Air Corps,IRISH,Ireland,N
RDK,,Irish Air Transport,IRISH TRANS,Ireland,N
XMR,,Irish Aviation Authority,AUTHORITY,Ireland,N
IRT,,Irtysh Airlines,IRTYSH AIRLINES,Uzbekistan,N
XIA,,Irving Oil,,Canada,N
KCE,,Irving Oil Transport,KACEY,Canada,N
ISI,,Island Air,ISLANDMEX,Mexico,N
ILF,,Island Air Charters,ISLAND FLIGHT,United States,N
XYZ,,Island Air Express,RAINBIRD,United States,N
SOY,,Island Aviation,SORIANO,Philippines,N
DQA,,Island Aviation Services,,Maldives,N
IOM,,Island Aviation and Travel,ISLE AVIA,United Kingdom,N
SDY,2S,Island Express,SANDY ISLE,United States,N
CGP,8L,Cargo Plus Aviation,,United Arab Emirates,Y
MTP,,Island Helicopters,METROCOPTER,United States,N
ILC,,Island Link,,Japan,N
IAJ,,Islandair Jersey,JARLAND,United Kingdom,N
ICB,,Icebird Airline,ICEBIRD,Iceland,N
ISW,IF,Islas Airways,PINTADERA,Spain,Y
IGS,,Isle Grande Flying School,ISLA GRANDE,United States,N
ISV,WC,Islena De Inversiones,,Honduras,Y
IOS,,Isles of Scilly Skybus,SCILLONIA,United Kingdom,N
IAI,,Israel Aircraft Industries,ISRAEL AIRCRAFT,Israel,N
IAF,,Israeli Air Force,,Israel,N
ISR,6H,Israir,ISRAIR,Israel,Y
IST,,Istanbul Airlines,ISTANBUL,Turkey,N
ACL,9X,Itali Airlines,ITALI,Italy,N
IFS,,Italy First,RIVIERA,Italy,N
IKA,GI,Itek Air,ITEK-AIR,Kyrgyzstan,Y
IVS,,Ivoire Aero Services,IVOIRE AERO,Ivory Coast,N
IVW,,Ivoire Airways,IVOIRAIRWAYS,Ivory Coast,N
IJE,,Ivoire Jet Express,IVOIRE JET,Ivory Coast,N
OIC,,Iwamoto Crane Co Ltd,,Japan,N
IXR,,Ixair,X-BIRD,France,N
IZM,H9,Izair,IZMIR,Turkey,N
IZA,,Izhavia,IZHAVIA,Russia,N
JCB,,J C Bamford (Excavators),JAYSEEBEE,United Kingdom,N
RFX,,J P Hunt Air Carriers,REFLEX,United States,N
JLJ,,J-Air,J AIR,Japan,N
JEX,JC,JAL Express,JANEX,Japan,Y
JAZ,JO,JALways,JALWAYS,Japan,Y
JDA,,JDAviation,JAY DEE,United Kingdom,N
JDP,,JDP Lux,RED PELICAN,Luxembourg,N
JHM,,JHM Cargo Expreso,,Costa Rica,N
TQM,,JM Family Aviation,TACOMA,United States,N
JMC,,JMC Airlines,JAYEMMSEE,United Kingdom,N
JSJ,,JS Air,JS CHARTER,Pakistan,N
JES,,JS Aviation,JAY-ESS AVIATION,Mexico,N
JCK,,Jackson Air Services,JACKSON,Canada,N
JAE,,Jade Cargo International,JADE CARGO,China,N
JAW,,Jamahiriya Airways,JAW,Libya,N
JMB,,Jambo Africa Airlines,JAMBOAFRICA,Democratic Republic of Congo,N
JAK,,Jana-Arka,YANZAR,Kazakhstan,N
JAX,,Janair,JANAIR,United States,N
JAC,,Japan Air Commuter,COMMUTER,Japan,N
JSV,,Japan Aircraft Service,,Japan,N
JAL,JL,Japan Airlines,JAPANAIR,Japan,Y
JAL,JL,Japan Airlines Domestic,J-BIRD,Japan,Y
JAA,EG,Japan Asia Airways,ASIA,Japan,Y
JTA,NU,Japan Transocean Air,JAI OCEAN,Japan,Y
JAT,JU,Jat Airways,JAT,Serbia,N
JTY,VJ,Jatayu Airlines,JATAYU,Indonesia,N
JZR,J9,Jazeera Airways,JAZEERA,Kuwait,Y
JJA,7C,Jeju Air,JEJU AIR,Republic of Korea,Y
JNY,,Jenney Beechcraft,JENAIR,United States,N
XLD,,Jeppesen Data Plan,,United States,N
JPN,,Jeppesen UK,JETPLAN,United Kingdom,N
JEA,,Jet Air,JETA,Poland,N
JSI,,Jet Air Group,SISTEMA,Russia,N
JAI,9W,Jet Airways,JET AIRWAYS,India,Y
JTX,,Jet Aspen Air Lines,JET ASPEN,United States,N
PJS,,Jet Aviation,JETAVIATION,Switzerland,N
BZF,,Jet Aviation Business Jets,BIZFLEET,United States,N
JCF,,Jet Center Flight Training,JET CENTER,Spain,N
JCT,,Jet Charter,JET CHARTER,United States,N
JCX,,Jet Connection,JET CONNECT,Germany,N
DWW,,Jet Courier Service,DON JUAN,United States,N
JED,,Jet East International,JET EAST,United States,N
JEI,,Jet Executive International Charter,JET EXECUTIVE,Germany,N
RZA,,Jet Fighter Flights,RAZOR,Australia,N
CFT,,Jet Freighters,CASPER FREIGHT,United States,N
JGD,,Jet G&D Aviation,JET GEE-AND-DEE,Israel,N
MJL,,Jet Line International,MOLDJET,Moldova,N
JEK,,Jet Link,JET OPS,Israel,N
HTL,,Jet Link Aviation,HEARTLAND,United States,N
JNR,,Jet Norte,JET NORTE,Mexico,N
JRN,,Jet Rent,JET RENT,Mexico,N
JDI,,Jet Service,JEDI,Poland,N
JSA,3K,Jetstar Asia Airways,JETSTAR ASIA,Singapore,Y
JSM,,Jet Stream,JET STREAM,Moldova,N
JTC,,Jet Trans Aviation,JETRANS,Ghana,N
JTT,,Jet-2000,MOSCOW JET,Russia,N
OPS,,Jet-Ops,OPS-JET,United Arab Emirates,N
EXS,LS,Jet2.com,CHANNEX,United Kingdom,Y
JFU,8J,Jet4You,ARGAN,Morocco,Y
OSW,,JetAfrica Swaziland,BEVO,Swaziland,N
JBU,B6,JetBlue Airways,JETBLUE,United States,Y
QNZ,,JetConnect,QANTAS JETCONNECT,New Zealand,N
JMG,,JetMagic,JET MAGIC,Ireland,N
JAF,JF,Jetairfly,BEAUTY,Belgium,Y
JTL,,Jetall Holdings,FIREFLY,Canada,N
JAG,,Jetalliance,JETALLIANCE,Austria,N
JCS,0J,Jetclub,JETCLUB,Switzerland,N
UEJ,,Jetcorp,JETCORP,United States,N
JCC,,Jetcraft Aviation,JETCRAFT,Australia,N
JXA,,Jetex Aviation,,Lebanon,N
JEF,,Jetflite,JETFLITE,Finland,Y
JFL,,Jetfly Airlines,LINEFLYER,Austria,N
JIC,,Jetgo International,JIC-JET,Thailand,N
JLX,,Jetlink Express,KEN JET,Kenya,N
JLH,,Jetlink Holland,,Netherlands,N
JNV,,Jetnova de Aviacion Ejecutiva,JETNOVA,Spain,N
JPO,,Jetpro,JETPRO,Mexico,N
MDJ,,Jetran Air,JETRAN AIR,Romania,N
JRI,,Jetrider International,JETRIDER,United Kingdom,N
JEJ,,Jets Ejecutivos,MEXJETS,Mexico,N
JEP,,Jets Personales,JET PERSONALES,Spain,N
JSE,,Jets Y Servicios Ejecutivos,SERVIJETS,Mexico,N
JGO,SG,JetsGo,JETSGO,Canada,N
JST,JQ,Jetstar Airways,JETSTAR,Australia,Y
JSH,,Jetstream Air,STREAM-AIR,Hungary,N
JXT,,Jetstream Executive Travel,VANNIN,United Kingdom,N
JPQ,,Jett Paqueteria,JETT PAQUETERIA,Mexico,N
JEC,JX,Jett8 Airlines Cargo,,Singapore,N
JTG,,Jettime,JETTIME,Denmark,N
JTN,,Jettrain Corporation,JETTRAIN,United States,N
JWY,,Jetways of Iowa,JETWAYS,United States,N
JXX,GX,Jetx Airlines,JETBIRD,Iceland,N
JIB,,Jibair,JIBAIRLINE,Djibouti,N
JSW,,Jigsaw Project,JIGSAW,United Kingdom,N
HKN,,Jim Hankins Air Service,HANKINS,United States,N
RAS,,Jim Ratliff Air Service,SHANHIL,United States,N
JDG,,Joanas Avialinijos,LADYBLUE,Lithuania,N
JBR,,Job Air,JOBAIR,Czech Republic,N
JHN,,Johnson Air,AIR JOHNSON,United States,N
JON,,Johnsons Air,JOHNSONSAIR,Ghana,N
JMJ,,Johnston Airways,JOHNSTON,United States,N
JMM,,Joint Military Commission,JOICOMAR,Sudan,N
JMT,,Jomartaxi Aereo,JOMARTAXI,Mexico,N
ODI,,Jonsson,H Air Taxi,ODINN,N
JAV,R5,Jordan Aviation,JORDAN AVIATION,Jordan,N
JCI,,Jordan International Air Cargo,,Jordan,N
JVK,,Jorvik,ISLANDIC,Iceland,N
JUR,,Ju-Air,JUNKERS,Switzerland,N
JFS,,Juanda Flying School,JAEMCO,Indonesia,N
JUC,,Juba Cargo Services & Aviation Company,JUBA CARGO,Sudan,N
JUB,,Jubba Airways,JUBBA,Somali Republic,N
DKE,,Jubilee Airways,DUKE,United Kingdom,N
DKH,HO,Juneyao Airlines,JUNEYAO AIRLINES,China,Y
MEY,,Justair Scandinavia,MELODY,Sweden,N
DOJ,,Justice Prisoner and Alien Transportation System,JUSTICE,United States,N
KDC,,K D Air Corporation,KAY DEE,Canada,N
KSA,,K S Avia,SKY CAMEL,Latvia,N
KMI,,K-Mile Air,KAY-MILE AIR,Thailand,N
KNI,KD,KD Avia,KALININGRAD AIR,Russia,Y
KLC,WA,KLM Cityhopper,CITY,Netherlands,Y
KLH,,KLM Helicopter,KLM HELI,Netherlands,N
KLM,KL,KLM Royal Dutch Airlines,KLM,Netherlands,Y
QNK,N2,Kabo Air,KABO,Nigeria,N
KMC,,Kahama Mining Corporation,KAHAMA,Tanzania,N
KAI,,Kaiser Air,KAISER,United States,N
CKS,K4,Kalitta Air,CONNIE,United States,N
KFS,,Kalitta Charters,KALITTA,United States,N
KES,,Kallat El Saker Air Company,KALLAT EL SKER,Libya,N
KMF,RQ,Kam Air,KAMGAR,Afghanistan,Y
KMP,E2,Kampuchea Airlines,KAMPUCHEA,Cambodia,N
KIZ,,Kanaf-Arkia Airlines,,Israel,N
KHE,,Kanfey Ha'emek Aviation,KANFEY HAEMEK,Israel,N
KSU,,Kansas State University,K-STATE,United States,N
AKT,V2,Karat,AVIAKARAT,Russia,N
KRB,,Karibu Airways Company,KARIBU AIR,Tanzania,N
KLG,,Karlog Air Charter,KARLOG,Denmark,N
KAJ,,Karthago Airlines,KARTHAGO,Tunisia,N
KAE,,Kartika Airlines,KARTIKA,Indonesia,N
KTV,,Kata Transportation,KATAVIA,Sudan,N
KTK,,Katekavia,KATEKAVIA,Russia,N
KAT,,Kato Airline,KATO-AIR,Norway,N
MVD,KV,Kavminvodyavia,AIR MINVODY,Russia,Y
XKA,,Kavouras Inc,,United States,N
KRN,,Kaz Agros Avia,ANTOL,Kazakhstan,N
KAW,,Kaz Air West,KAZWEST,Kazakhstan,N
KAO,,Kazan Aviation Production Association,KAZAVAIA,Russia,N
KPH,,Kazan Helicopters,KAMA,Russia,N
KKA,,Kazavia,KAKAIR,Kazakhstan,N
KZS,,Kazaviaspas,SPAKAZ,Kazakhstan,N
JFK,,Keenair Charter -,KEENAIR,United Kingdom,N
KLX,,Kelix Air,KELIX,Nigeria,N
FKL,,Kelner Airways,KELNER,Canada,N
KFA,,Kelowna Flightcraft Air Charter,FLIGHTCRAFT,Canada,N
KDA,,Kendell Airlines,KENDELL,Australia,Y
KEN,M5,Kenmore Air,KENMORE,United States,Y
KBA,,Kenn Borek Air,BOREK AIR,Canada,N
KAH,,Kent Aviation,DEKAIR,Canada,N
KQA,KQ,Kenya Airways,KENYA,Kenya,Y
KVS,,Kevis,KEVIS,Kazakhstan,N
KEY,,Key Airlines,KEY AIR,United States,N
LYM,,Key Lime Air,KEY LIME,United States,N
FTP,,Keystone Aerial Surveys,FOOTPRINT,United States,N
KEE,BZ,Keystone Air Services,KEYSTONE,Canada,N
KZW,,Khalifa Airways,KHALIFA AIR,Algeria,N
WKH,,Kharkov Aircraft Manufacturing Company,WEST-KHARKOV,Ukraine,N
KHR,,Khazar,KHAZAR,Turkmenistan,N
KHP,,Khoezestan Photros Air Lines,PHOTROS AIR,Iran,N
KRV,,Khoriv-Avia,KHORIV-AVIA,Ukraine,N
KHO,,Khors Aircompany,AIRCOMPANY KHORS,Ukraine,N
KHY,,Khyber Afghan Airlines,KHYBER,Afghanistan,N
UAK,,Kiev Aviation Plant,AVIATION PLANT,Ukraine,N
KNG,,King Aviation,KING,United Kingdom,N
BEZ,,Kingfisher Air Services,SEA BREEZE,United States,N
KFR,IT,Kingfisher Airlines,KINGFISHER,India,Y
KNX,,Knighthawk Air Express,KNIGHT FLIGHT,Canada,N
KAS,,Kingston Air Services,KINGSTON AIR,Canada,N
KIP,,Kinnarps,KINNARPS,Sweden,N
KNS,,Kinshasa Airways,KINSHASA AIRWAYS,Democratic Republic of the Congo,N
KTA,,Kirov Air Enterprise,VYATKA-AVIA,Russia,N
IRK,Y9,Kish Air,KISHAIR,Iran,Y
KHA,,Kitty Hawk Aircargo,AIR KITTYHAWK,United States,N
KHC,,Kitty Hawk Airways,CARGO HAWK,United States,N
KIA,KP,Kiwi International Air Lines,KIWI AIR,United States,N
KNA,,Knight Air,KNIGHTAIR,Canada,N
KHX,,Knighthawk Express,RIZZ,United States,N
KGT,,Knights Airlines,KNIGHT-LINER,Nigeria,N
KOA,,Koanda Avacion,KOANDA,Spain,N
OYE,,Koda International,KODA AIR,Nigeria,N
KGL,7K,Kogalymavia Air Company,KOGALYM,Russia,Y
KOM,,Kom Activity,COMJET,Netherlands,N
KMA,,Komiaviatrans State Air Enterprise,KOMI AVIA,Russia,N
KMV,8J,Komiinteravia,KOMIINTER,Russia,N
KNM,,Komsomolsk-on-Amur Air Enterprise,KNAAPO,Russia,N
KOB,,Koob-Corp - 96 KFT,AUTOFLEX,Hungary,N
KAL,KE,Korean Air,KOREANAIR,Republic of Korea,Y
KMG,,Kosmas Air,KOSMAS CARGO,Serbia,N
KSM,,Kosmos,KOSMOS,Russia,Y
KOS,,Kosova Airlines,KOSOVA,Serbia,N
WOK,,Kovar Air,WOKAIR,Czech Republic,N
KJC,7B,Krasnojarsky Airlines,KRASNOJARSKY AIR,Russia,Y
KFC,,Kremenchuk Flight College,KREMENCHUK,Ukraine,N
KRG,,Krimaviamontag,AVIAMONTAG,Ukraine,N
KRO,,Kroonk Air Agency,KROONK,Ukraine,N
KRI,K9,Krylo Airlines,Krylo,Russia,N
KYM,,Krym,CRIMEA AIR,Ukraine,N
OPC,,Krystel Air Charter,OPTIC,United Kingdom,N
KIL,GW,Kuban Airlines,AIR KUBAN,Russia,Y
KPA,VD,Kunpeng Airlines,KUNPENG,China,N
KZA,,Kurzemes Avio,,Russia,N
KBV,,Kustbevakningen,SWECOAST,Sweden,N
KAC,KU,Kuwait Airways,KUWAITI,Kuwait,Y
KZU,GO,Kuzu Airlines Cargo,KUZU CARGO,Turkey,Y
QVR,,Kvadro Aero,PEGASO,Kyrgyzstan,N
KWN,,Kwena Air,KWENA,South Africa,N
KGZ,N5,Kyrgyz Airlines,BERMET,Kyrgyzstan,N
KTC,,Kyrgyz Trans Avia,DINARA,Kyrgyzstan,N
LYN,QH,Kyrgyzstan,ALTYN AVIA,Kyrgyzstan,N
KGA,R8,Kyrgyzstan Airlines,KYRGYZ,Kyrgyzstan,N
DAM,,Kyrgyzstan Department of Aviation,FLIGHT RESCUE,Kyrgyzstan,N
KGB,,Kyrgz General Aviation,KEMIN,Kyrgyzstan,N
KYV,KY,Kibris T,AIRKIBRIS,Turkey,N
LAH,,L A Helicopter,STAR SHIP,United States,N
LJY,,L J Aviation,ELJAY,United States,N
LRB,,L R Airlines,LADY RACINE,Czech Republic,N
PHO,,L&L Flygbildteknik,PHOTOFLIGHT,Sweden,N
LEX,,L'Express,LEX,United States,N
FNT,,L-3 Communications Flight Internation Aviation,FLIGHT INTERNATIONAL,United States,N
LAB,JF,L.A.B. Flying Service,LAB,United States,N
LRC,LR,LACSA,LACSA,Costa Rica,Y
LDE,,LADE - Lineas Aereas Del Estado,LADE,Argentina,N
BNX,KG,LAI - Linea Aerea IAACA,AIR BARINAS,Venezuela,N
LAN,LA,LAN Airlines,LAN,Chile,Y
DSM,4M,LAN Argentina,LAN AR,Argentina,Y
LCO,,LAN Cargo,LAN CARGO,Chile,N
LNC,,LAN Dominica,LANCANA,Dominican Republic,N
LXP,LU,LAN Express,LANEX,Chile,Y
LPE,LP,LAN Peru,LANPERU,Peru,Y
LSA,,LANSA,INTERNACIONAL,Dominican Republic,N
APT,,LAP Colombia - Lineas Aereas Petroleras,S.A.,LAP,N
OTN,,LASTP,LASTP,S,N
LCB,,LC Busre,BUSRE,Peru,N
LOT,LO,LOT Polish Airlines,POLLOT,Poland,Y
LTE,XO,LTE International Airways,FUN JET,Spain,Y
LTO,L3,LTU Austria,BILLA TRANSPORT,Austria,Y
LTU,LT,LTU International,LTU,Germany,N
JFC,,LTV Jet Fleet Corporation,JET-FLEET,United States,N
LUK,,LUKoil-Avia,LUKOIL,Russia,N
ASK,,La Ronge Aviation Services,AIR SASK,Canada,N
LVT,,La Valenciana Taxi Aereo,TAXIVALENCIANA,Mexico,N
SKQ,,Labcorp,SKYLAB,United States,N
LAL,,Labrador Airways,LAB AIR,Canada,N
JEV,N6,Lagun Air,,Spain,N
HCA,,Lake Havasu Air Service,HAVASU,United States,N
LKL,,Lakeland Aviation,LAKELAND,United States,N
LKR,,Laker Airways,LAKER,United States,N
LBH,,Laker Airways (Bahamas),LAKER BAHAMAS,United States,N
LMR,,Lamra,LAMAIR,Sudan,N
TCR,,Lanaes Aereas Trans Costa Rica,TICOS,Costa Rica,N
ISL,,Landsflug,ISLANDIA,Iceland,N
PAP,,Langtry Flying Group,PROFLIGHT,United Kingdom,N
LKN,IK,Lankair,Lankair,Sri Lanka,N
LZA,,Lanza Air,AEROLANZA,Spain,N
LZT,,Lanzarote Aerocargo,BARAKA,Spain,N
LLL,,Lao Air Company,LAVIE,Lao Peoples Democratic Republic,N
LAO,QV,Lao Airlines,LAO,Lao Peoples Democratic Republic,Y
LKA,,Lao Capricorn Air,NAKLOA,Lao Peoples Democratic Republic,N
LPN,L7,Laoag International Airlines,LAOAG AIR,Philippines,N
LRD,,Laredo Air,LAREDO AIR,United States,N
LTC,,LatCharter,LATCHARTER,Latvia,Y
LAF,,Latvian Air Force,LATVIAN AIRFORCE,Latvia,N
LDA,NG,Lauda Air,LAUDA AIR,Austria,Y
LDI,,Lauda Air Italy,LAUDA ITALY,Italy,N
LEP,,Laughlin Express,LAUGHLIN EXPRESS,United States,N
LSU,,Laus,LAUS AIR,Croatia,N
LAR,,Lawrence Aviation,LAWRENCE,United States,N
LAY,,Layang-Layang Aerospace,LAYANG,Malaysia,N
LPL,,Lease-a-Plane International,LEASE-A-PLANE,United States,N
LAQ,LQ,Lebanese Air Transport,LAT,Lebanon,N
LAT,,Lebanese Air Transport (Charter),LEBANESE AIR,Lebanon,N
LAD,,Lebanon Airport Development Corporation,LADCO-AIR,United States,N
LCA,,Leconte Airlines,LECONTE,United States,N
LIA,LI,Leeward Islands Air Transport,LIAT,Antigua and Barbuda,Y
LGD,,Legend Airlines,LEGENDARY,United States,N
LWD,,Leisure Air,LEISURE WORLD,United States,N
LEN,,Lentini Aviation,LENTINI,United States,N
LOR,,Leo-Air,LEO CHARTER,South Africa,N
LEL,,Leonsa De Aviacion,LEONAVIA,Spain,N
LYW,,Libyan Airlines,LIBYAN AIRWAYS,Libya,N
LAA,LN,Libyan Arab Airlines,LIBAIR,Libya,Y
LCR,,Libyan Arab Air Cargo,LIBAC,Libya,N
LIQ,,Lid Air,,Sweden,N
LCG,,Lignes Aeriennes Congolaises,CONGOLAISE,Democratic Republic of the Congo,N
LKD,,Lignes Aeriennes Du Tchad,LATCHAD,Chad,N
LME,,Lignes Mauritaniennes Air Express,LIMAIR EXPRESS,Mauritania,N
GCB,,Lignes Nationales Aeriennes - Linacongo,LINACONGO,Republic of the Congo,N
GDQ,,Lincoln Air National Guard,,United States,N
LRT,,Lincoln Airlines,,Australia,N
LSY,,Lindsay Aviation,LINDSAY AIR,United States,N
NOT,,Linea Aerea Costa Norte,COSTA NORTE,Chile,N
LMC,,Linea Aerea Mexicana de Carga,LINEAS DECARGA,Mexico,N
LNP,L7,Linea Aerea SAPSA,SAPSA,Chile,N
NEG,,Linea Aerea de Fumig Aguas Negras,AGUAS NEGRAS,Chile,N
LER,8z,Linea Aerea de Servicio Ejecutivo Regional,LASER,Venezuela,N
LSE,,Linea De Aeroservicios,,Chile,N
TUY,LD,Linea Turistica Aerotuy,AEREOTUY,Venezuela,N
ALR,,Lineas Aereas Alaire S.L.,AEROLAIRE,Spain,N
LCD,ZE,Lineas Aereas Azteca,LINEAS AZTECA,Mexico,N
LCN,,Lineas Aereas Canedo LAC,CANEDO,Bolivia,N
LCM,,Lineas Aereas Comerciales,LINEAS COMERCIALES,Mexico,N
EDD,,Lineas Aereas Ejectuivas De Durango,LINEAS DURANGO,Mexico,N
EDR,,Lineas Aereas Eldorado,ELDORADRO,Colombia,N
FED,,Lineas Aereas Federales,FEDERALES,Argentina,N
LMN,,Lineas Aereas Monarca,LINEAS MONARCA,Mexico,N
LIJ,,Lineas Aereas San Jose,LINEAS JOSE,Mexico,N
UMA,,Lineas Aereas del Humaya,HUMAYA,Mexico,N
LEC,,Linex,LECA,Central African Republic,N
SMS,,Linhas Aereas Santomenses,SANTOMENSES,S,N
LAM,LM,Linhas A,MOZAMBIQUE,Mozambique,Y
LAW,,Link Airways of Australia,,Australia,N
WGT,,Lion Air Services,WORLDGATE,United Kingdom,N
LNI,JT,Lion Mentari Airlines,LION INTER,Indonesia,Y
LEU,,Lions-Air,LIONSAIR,Switzerland,N
LYF,,Lithuanian Air Force,LITHUANIAN AIRFORCE,Lithuania,N
LRA,,Little Red Air Service,LITTLE RED,Canada,N
LVG,LM,Livingston,LIVINGSTON,Italy,N
LLB,LB,Lloyd Aereo Boliviano,LLOYDAEREO,Bolivia,N
LNA,,Lnair Air Services,ELNAIR,Spain,N
XLG,,Lockheed Air Terminal,,United States,N
LAC,,Lockeed Aircraft Corporation,LOCKHEED,United States,N
XDD,,Lockheed DUATS,,United States,N
CBD,,Lockheed Martin Aeronautics,CATBIRD,United States,N
LNG,,Lockheed Martin Aeronautics Company,LIGHTNING,United States,N
LOG,,Logan Air,LOGAN,United Kingdom,N
CLV,,Lom Praha Flying School,AEROTRAINING,Czech Republic,N
LMS,,Lomas Helicopters,LOMAS,United Kingdom,N
LCY,,London City Airport Jet Centre,LONDON CITY,United Kingdom,N
LNX,,London Executive Aviation,LONEX,United Kingdom,N
LOV,,London Flight Centre (Stansted),LOVEAIR,United Kingdom,N
LHC,,London Helicopter Centres,MUSTANG,United Kingdom,N
LSS,,Lone Star Airlines,LONE STAR,United States,N
ORA,,Long Island Airlines,LONG ISLAND,United States,N
LGT,,Longtail Aviation,LONGTAIL,Bermuda,N
LRR,,Lorraine Aviation,LORRAINE,France,N
LSC,,Los Cedros Aviacion,CEDROS,Chile,N
TAS,,Lotus Air,LOTUS FLOWER,Egypt,N
LTW,,Luchtvaartmaatschappij Twente,TWENTAIR,Netherlands,N
LKE,,Lucky Air,LUCKY AIR,China,N
LUT,,Luft Carago,LUGO,South Africa,N
LVD,,Luftfahrt-Vermietungs-Dienst,AIR SANTE,Austria,N
LGW,HE,Luftfahrtgesellschaft Walter,WALTER,Germany,Y
DLH,LH,Lufthansa,LUFTHANSA,Germany,Y
GEC,LH,Lufthansa Cargo,LUFTHANSA CARGO,Germany,Y
CLH,CL,Lufthansa CityLine,HANSALINE,Germany,Y
LHT,,Lufthansa Technik,LUFTHANSA TECHNIK,Germany,N
LTF,DV,Lufttaxi Fluggesellschaft,Garfield,Germany,N
LTR,L5,Lufttransport,LUFT TRANSPORT,Norway,Y
LHS,,Luhansk,ENTERPRISE LUHANSK,Ukraine,N
UNY,,Lund University School of Aviation,UNIVERSITY,Sweden,N
LGL,LG,Luxair,LUXAIR,Luxembourg,Y
LXA,,Luxaviation,RED LION,Luxembourg,N
LUV,,Luxembourg Air Rescue,LUX RESCUE,Luxembourg,N
LFE,,Luxflight Executive,LUX EXPRESS,Luxembourg,N
LXO,,Luxor Air,,Egypt,N
LUZ,,Luzair,LISBON JET,Portugal,N
UKW,5V,Lviv Airlines,UKRAINE WEST,Ukraine,N
LYD,,Lydd Air,LYDDAIR,United Kingdom,N
LCH,,Lynch Flying Service,LYNCH AIR,United States,N
LYC,L2,Lynden Air Cargo,LYNDEN,United States,N
LXF,,Lynx Air International,LYNX FLIGHT,United States,N
LYX,,Lynx Aviation,LYNX AIR,Pakistan,N
LPR,MJ,L,LAPA,Argentina,Y
LAU,,L,SURAMERICANO,Colombia,N
JNH,,M & N Aviation,JONAH,United States,N
MCF,,MAC Fotografica,MAC FOTO,Spain,N
MRG,,MANAG'AIR,MANAG'AIR,France,N
MPJ,,MAP-Management and Planung,MAPJET,Austria,N
TFG,,MAS Airways,TRAFALGAR,United Kingdom,N
MAA,M7,MasAir,MAS CARGA,Mexico,Y
MAK,IN,MAT Macedonian Airlines,MAKAVIO,Macedonia,Y
MCC,,MCC Aviation,DISCOVERY,South Africa,N
MGA,,MG Aviacion,MAG AVACION,Spain,N
JLA,,MIA Airlines,SALLINE,Romania,N
MGL,OM,MIAT Mongolian Airlines,MONGOL AIR,Mongolia,Y
MNC,,MIT Airlines,MUNCIE,Canada,N
MKA,,MK Airline,KRUGER-AIR,Ghana,N
MNB,MB,MNG Airlines,BLACK SEA,Turkey,Y
EBF,,MSR Flug-Charter,SKYRUNNER,Germany,N
MCV,,MTC Aviacion,MTC AVIACION,Mexico,N
MAQ,,Mac Aviation,MAC AVIATION,Spain,N
MCN,,Mac Dan Aviation Corporation,MAC DAN,United States,N
MTD,,MacKnight Airlines,,Australia,N
MCK,CC,Macair Airlines,,Australia,Y
MCS,,Macedonian Airlines,MACAIR,Greece,N
MDH,,Madina Air,MADINA AIR,Libya,N
MJB,,Magic Blue Airlines,MAGIC BLUE,Netherlands,N
MGR,,Magna Air,MAGNA AIR,Austria,N
MLH,,Mahalo Air,MAHALO,United States,N
IRM,W5,Mahan Air,MAHAN AIR,Iran,Y
MZS,M2,Mahfooz Aviation,MAHFOOZ,Gambia,N
MAT,,Maine Aviation,MAINE-AV,United States,N
MAJ,,Majestic Airlines,MAGIC AIR,United States,N
AKM,,Mak Air,MAKAIR,Kazakhstan,N
MLG,,Malagasy Airlines,,Madagascar,N
MLX,,Malawi Express,MALAWI EXPRESS,Malawi,N
MKK,,Malaya Aviatsia Dona,AEROKEY,Russia,N
MAS,MH,Malaysia Airlines,MALAYSIAN,Malaysia,Y
MAE,,Mali Air,MALI AIREXPRESS,Austria,N
VXP,,Mali Air Express,AVION EXPRESS,Mali,N
MTZ,,Mali Airways,MALI AIRWAYS,Mali,N
MLC,,Malila Airlift,MALILA,Democratic Republic of the Congo,N
MLS,,Mall Airways,MALL-AIRWAYS,United States,N
SCW,,Malmo Aviation,SCANWING,Sweden,Y
LOD,,Malmoe Air Taxi,LOGIC,Sweden,N
SCW,TF,Malmö Aviation,Scanwings,Sweden,Y
MAC,R5,Malta Air Charter,MALTA CHARTER,Malta,Y
MWS,,Malta Wings,MALTA WINGS,Malta,N
MAH,MA,Malév,MALEV,Hungary,Y
MLB,,Manaf International Airways,MANAF,Burundi,N
MDL,RI,Mandala Airlines,MANDALA,Indonesia,Y
MDA,AE,Mandarin Airlines,Mandarin,Taiwan,Y
MNO,JE,Mango,TULCA,South Africa,Y
MHN,,Manhattan Air,MANHATTAN,United Kingdom,N
MTO,,Manitoulin Air Services,MANITOULIN,Canada,N
MNR,,Mann Air,TEEMOL,United Kingdom,N
MAN,,Mannion Air Charter,MANNION,United States,N
MTS,,Mantrust Asahi Airways,MANTRUST,Indonesia,N
MNX,,Manx Airlines,MANX,United Kingdom,N
MAD,,Maple Air Services,MAPLE AIR,Canada,N
MAR,,March Helicopters,MARCH,United Kingdom,N
MCP,,Marcopolo Airways,MARCOPOLO,Afghanistan,N
MGI,,Marghi Air,MARGHI,Nigeria,N
MRK,,Markair,MARKAIR,United States,N
MKO,,Markoss Aviation,GOSHAWK,United Kingdom,N
MRW,6V,Mars RK,AVIAMARS,Ukraine,N
MCE,,Marshall Aerospace,MARSHALL,United Kingdom,N
MSL,M7,Marsland Aviation,MARSLANDAIR,Sudan,N
XMA,,Martin Aviation Services,,United States,N
MBE,,Martin-Baker,MARTIN,United Kingdom,N
MPH,MP,Martinair,MARTINAIR,Netherlands,Y
MRA,,Martinaire,MARTEX,United States,N
MFA,,Martyn Fiddler Associates,SEAHORSE,United Kingdom,N
MVN,,Marvin Limited,MARVIN,United Kingdom,N
TRP,,Maryland State Police,TROOPER,United States,N
MTH,,Massachusetts Institute of Technology,RESEARCH,United States,N
MSY,,Massey University School of Aviation,MASSEY,New Zealand,N
MSW,,Master Airways,MASTER AIRWAYS,Serbia,N
MPL,,Master Planner,,United States,N
LMJ,,Masterjet,MASTERJET,Portugal,N
MIA,,Mauria,MAURIA,Mauritania,N
MNV,,Mauritanienne Aerienne Et Navale,NAVALE,Mauritania,N
MRF,,Mauritanienne Air Fret,MAUR-FRET,Mauritania,N
MWY,,Mauritanienne Airways,MAURITANIENNE,Mauritania,N
MDE,,Mauritanienne De Transport Aerien,MAURI-TRANS,Mauritania,N
MVR,,Maverick Airways,MAV-AIR,United States,N
MVL,H5,Mavial Magadan Airlines,Mavial,Russia,N
MAI,,Max Avia,MAX AVIA,Kyrgyzstan,N
MSF,,Max Sea Food,MAXESA,El Salvador,N
MAX,,Max-Aviation,MAX AVIATION,Canada,N
MXL,8M,Maxair,MAXAIR,Sweden,Y
MXU,,Maximus Air Cargo,CARGO MAX,United Arab Emirates,N
MXJ,MY,Maxjet Airways,MAX-JET,United States,N
MXS,,Maxsus-Avia,MAXSUS-AVIA,Uzbekistan,N
MXP,,May Air Xpress,BEECHNUT,United States,N
MYD,MW,Maya Island Air,MYLAND,Belize,Y
MYI,,Mayair,MAYAIR,Mexico,N
MBS,,Mbach Air,MBACHI AIR,Malawi,N
MCH,,McAlpine Helicopters,MACLINE,United Kingdom,N
MKL,,McCall Aviation,MCCALL,United States,N
DAC,,McDonnell Douglas,DACO,United States,N
MDS,,McNeely Charter Services,MID-SOUTH,United States,N
MEK,,Med-Trans of Florida,MED-TRANS,United States,N
MDM,,Medavia Company,MEDAVIA,Malta,N
MRZ,,Medical Air Rescue Services,MARS,Zimbabwe,N
MCL,,Medical Aviation Services,MEDIC,United Kingdom,N
MDF,,Mediterranean Air Freight,MED-FREIGHT,Greece,N
MDY,,Mediterranean Airways,,Egypt,N
MEJ,,Medjet International,MEDJET,United States,N
MGK,,Mega,MEGLA,Kazakhstan,N
MEL,,Mega Linhas Aereas,MEGA AIR,Brazil,N
MKN,,Mekong Airlines,MEKONG AIRLINES,Cambodia,N
MNJ,IM,Menajet,MENAJET,Lebanon,N
MXX,,Merchant Express Aviation,MERCHANT,Nigeria,N
MEC,,Mercury Aircourier Service,MERCAIR,United States,N
POV,,Meridian,AIR POLTAVA,Ukraine,N
MRD,,Meridian Air Cargo,MERIDIAN,United States,N
MHL,,Meridian Airlines,HASSIMAIR,Nigeria,N
DSL,,Meridian Aviation,DIESEL,United Kingdom,N
MEM,,Meridian Limited,MERIDIAN CHERRY,Ukraine,N
ISS,IG,Meridiana,MERAIR,Italy,Y
MEI,,Merlin Airways,AVALON,United States,N
MNA,MZ,Merpati Nusantara Airlines,MERPATI,Indonesia,Y
ASH,YV,Mesa Airlines,AIR SHUTTLE,United States,Y
MES,XJ,Mesaba Airlines,MESABA,United States,Y
MSQ,,Meta Linhas A,META,Brazil,N
MET,,Meteorological Research Flight,METMAN,United Kingdom,N
MER,,Methow Aviation,METHOW,United States,N
MVI,,Metro Business Aviation,,United Kingdom,N
MEX,,Metro Express,EAGLE EXPRESS,United States,N
MTR,,Metroflight,METRO,United States,N
MTJ,,Metrojet,METROJET,Hong Kong SAR of China,N
PIX,,Metropix UK,METROPIX,United Kingdom,N
MPS,,Metroplis,METRO REGIONAL,Netherlands,N
MXB,,Mex Blue,MEX BLUE,Mexico,N
MJT,,Mex-Jet,MEJETS,Mexico,N
MXA,MX,Mexicana de Aviaci,MEXICANA,Mexico,Y
MXT,,Mexico Transportes Aereos,TRANSMEX,Mexico,N
HUR,,Miami Air Charter,HURRICANE CHARTER,United States,N
BSK,GL,Miami Air International,BISCAYNE,United States,N
OWL,,Miami Valley Aviation,NIGHT OWL,United States,N
MPT,,Miapet-Avia,MIAPET,Armenia,N
BIB,,Michelin Air Services,,France,N
WIZ,,Micromatter Technology Solutions,WIZARD,United Kingdom,N
NYL,,Mid Airlines,NILE,Sudan,N
MPA,,Mid-Pacific Airlines,MID PAC,United States,N
MJR,,Midamerica Jet,MAJOR,United States,N
MEA,ME,Middle East Airlines,CEDAR JET,Lebanon,Y
MID,,Midland Airport Services,,United Kingdom,N
MFR,,Midline Air Freight,MIDLINE FREIGHT,United States,N
MIS,,Midstate Airlines,MIDSTATE,United States,N
MDW,JI,Midway Airlines,MIDWAY,United States,Y
FLA,,Midway Express,PALM,United States,N
FAX,,Midwest Air Freighters,FAIRFAX,United States,N
MEP,YX,Midwest Airlines,,United States,Y
MWA,MY,Midwest Airlines (Egypt),,Egypt,Y
NIT,,Midwest Aviation,NIGHTTRAIN,United States,N
MWT,,Midwest Aviation Division,MIDWEST,United States,N
HTE,,Midwest Helicopters De Mexico,HELICOPTERSMEXICO,Mexico,N
MAB,,Millardair,MILLARDAIR,Canada,N
RJM,,Millen Corporation,MILLEN,United Kingdom,N
MLK,,Millennium Air,NIGERJET,Nigeria,N
MFS,,Miller Flying Services,MILLER TIME,United States,N
OXO,,Million Air,MILL AIR,United States,N
MIM,,Mimino,MIMINO,Russia,N
NAB,,Mina Airline Company,,Egypt,N
OMR,,Minair,ORMINE,Central African Republic,N
EBE,,Minebea Technologies,MINEBEA,United States,N
MAZ,,Mines Air Services Zambia,MINES,Zambia,N
MNL,,Miniliner,MINILINER,Italy,N
MNS,,Ministic Air,MINISTIC,Canada,N
WDG,,Ministry of Agriculture,Fisheries and Food,WATCHDOG,N
LIR,,Minsk Aircraft Overhaul Plant,LISLINE,Belarus,N
MIR,,Miramichi Air Service,MIRAMICHI,Canada,N
MIF,,Miras,MIRAS,Kazakhstan,N
MOS,,Misr Overseas Airways,,Egypt,N
MAF,,Mission Aviation Fellowship,MISSI,Indonesia,N
MSN,,Missionair,MISIONAIR,Spain,N
MRN,,Missions Gouvernemtales Francaises,MARIANNE,France,N
BDG,,Mississippi State University,BULLDOG,United States,N
MVA,,Mississippi Valley Airways,VALAIR,United States,N
MSA,,Mistral Air,AIRMERCI,Italy,N
MBO,,Mobil Oil,MOBIL,Canada,N
MXE,,Mocambique Expresso,MOZAMBIQUE EXPRESS,Mozambique,N
MFZ,,Mofaz Air,MOFAZ AIR,Malaysia,N
MLE,,Moldaeroservice,MOLDAERO,Moldova,N
MDV,2M,Moldavian Airlines,MOLDAVIAN,Moldova,Y
MVG,,Moldova,MOLDOVA-STATE,Moldova,N
RRV,,Mombasa Air Safari,SKYROVER,Kenya,N
MON,ZB,Monarch Airlines,MONARCH,United Kingdom,Y
MNH,,Monarch Airlines,MONARCH AIR,United States,N
MFC,,Moncton Flying Club,EAST WIND,Canada,N
MDB,,Monde Air Charters,MONDEAIR CARGO,United Kingdom,N
MTI,,Monerrey Air Taxi,MONTERREY AIR,Mexico,N
MKY,,Monky Aerotaxis,MONKY,Mexico,N
MGX,YM,Montenegro Airlines,MONTAIR,Montenegro,Y
MNT,,Montserrat Airways,MONTSERRAT,Montserrat,N
MNY,,Mooney Aircraft Corporation,MOONEY FLIGHT,United States,N
MAL,,Morningstar Air Express,MORNINGSTAR,Canada,Y
MSS,,Morris Air Service,WASATCH,United States,N
MRO,,Morrison Flying Service,MORRISON,United States,N
GAI,3R,Moskovia Airlines,GROMOV AIRLINE,Russia,Y
MPI,,Mosphil Aero,MOSPHIL,Philippines,N
MSI,M9,Motor Sich,MOTOR SICH,Ukraine,Y
NZM,NM,Mount Cook Airlines,MOUNTCOOK,New Zealand,N
MTN,,Mountain Air Cargo,MOUNTAIN,United States,N
MTC,N4,Mountain Air Company,MOUNTAIN LEONE,Sierra Leone,N
PKP,,Mountain Air Express,PIKES PEAK,United States,N
BRR,,Mountain Air Service,MOUNTAIN AIR,United States,N
MBI,,Mountain Bird,MOUNTAIN BIRD,United States,N
MHA,,Mountain High Aviation,MOUNTAIN HIGH,United States,N
MPC,,Mountain Pacific Air,MOUNTAIN PACIFIC,Canada,N
MTV,,Mountain Valley Air Service,MOUNTAIN VALLEY,United States,N
MOW,,Mowhawk Airlines,MOHAWK AIR,United States,N
MDN,,Mudan Airlines,,Somali Republic,N
CMJ,,Mudanjiang General Aviation,MUDANJIANG,China,N
MTX,,Multi Taxi,MULTITAXI,Mexico,N
WBR,,Multi-Aero,WEBER,United States,N
MFT,,Multiflight,YORKAIR,,N
MNZ,,Murmansk Aircompany,MURMAN AIR,Russia,N
MUA,,Murray Air,MURRAY AIR,United States,N
MMR,,Musrata Air Transport,MUSRATA AIR,Libya,N
MAW,,Mustique Airways,MUSTIQUE,Barbados,N
MYW,,My Way Airlines,FRANKY,Italy,N
MYT,VZ,MyTravel Airways,KESTREL,United Kingdom,Y
UBA,UB,Myanma Airways,UNIONAIR,Myanmar,Y
MMM,8M,Myanmar Airways International,assignment postponed,Myanmar,Y
MYA,,Myflug,MYFLUG,Iceland,Y
VKG,,Mytravel Airways,VIKING,Denmark,N
NLG,,NEL Cargo,NELCARGO,Ivory Coast,N
NHG,,NHT Lineas Aereas,HELGA,Brazil,N
WAR,,NZ Warbirds Association,WARBIRDS,New Zealand,N
ANL,,Nacoia Lda,AIR NACOIA,Angola,N
NHZ,,Nada Air Service,NADA AIR,Chad,N
BFN,,Compangnie Nationale Naganagani,,Burkina Faso,N
NAH,,Nahanni Air Services Ltd,NAHANNI,Canada,N
NKL,,Nakheel Aviation,NAKHEEL,United Arab Emirates,N
MRE,,Namibia Commerical Aviation,MED RESCUE,Namibia,N
NDF,,Namibian Defence Force,NAMIBIAN AIR FORCE,Namibia,N
CNJ,,Nanjing Airlines,NINGHANG,China,N
ACK,DV,Nantucket Airlines,ACK AIR,United States,N
NYA,,Nanyah Aviation,NANYAH,Israel,N
NAP,,Napier Air Service Inc,NAPIER,United States,N
NCM,,Nas Air,AIR BANE,Angola,N
NAS,UE,Nasair,NASAIRWAYS,Eritrea,Y
NJC,,Nashville Jet Charters,NASHVILLE JET,United States,N
NCO,,Natalco Air Lines,NATALCO,S,N
NTK,,Natioanl Air Traffic Controllers Association,NATCA,United States,N
NSR,,National Air Charter,NASAIR,Indonesia,N
RFI,,National Air Traffic Services,SHERLOCK,United Kingdom,N
NAN,,National Airlines,NATION AIR,United States,N
NCN,N4,National Airlines,,Chile,N
ROK,N7,National Airlines,RED ROCK,United States,N
NAL,NA,National Airlines,NATIONAL,United States,N
KUS,,National Airlines,KUSWAG,South Africa,N
LFI,,National Airways Corporation,AEROMED,South Africa,N
GTY,,National Aviation Company,,Egypt,N
TNC,,National Aviation Consultants,NATCOM,Canada,N
NXT,,National Express,NATIONAL FREIGHT,United States,N
GRD,,National Grid,GRID,United Kingdom,N
JTE,,National Jet Express,JETEX,Australia,N
AND,,National Jet Service,AIR INDIANA,United States,N
NJS,NC,National Jet Systems,NATIONAL JET,Australia,Y
NAA,,National Oceanic and Atmospheric Administration,NOAA,United States,N
NOL,,National Overseas Airlines Company,NAT AIRLINE,Egypt,N
NLS,,Nationale Luchtvaartschool,PANDER,Netherlands,N
NAE,,Nations Air Express Inc,NATIONS EXPRESS,United States,N
NTW,CE,Nationwide Airlines,NATIONWIDE,South Africa,Y
NWZ,,Nationwide Airlines (Zambia),ZAMNAT,Zambia,N
EVM,,Natural Environment Research Council,SCIENCE,United Kingdom,N
NRR,,Natureair,NATUREAIR,Costa Rica,N
NRK,,Naturelink Charter,NATURELINK,South Africa,N
RON,ON,Nauru Air Corporation,AIR NAURU,Nauru,Y
NVC,,NAV CANADA,NAV CAN,Canada,N
NAV,,Nav Flight Planning,NAV DISPATCH,Czech Republic,N
NVP,,Navegacao Aerea De Portugal,,Portugal,N
NAY,,Navegacion Servicios Aereos Canarios SA,NAYSA,Spain,N
IRI,,Navid,NAVID,Iran,N
NVM,,Naviera Mexicana,NAVIERA,Mexico,N
NVL,,Navigator Airlines,NAVLINES,Armenia,N
XNV,,Navinc Airlines Services,,United States,N
XNS,,Navtech System Support,,Canada,N
NZA,,Nayzak Air Transport,,Libya,N
NEB,,State of Nebraska,NEBRASKA,United States,N
NEC,,Necon Air,NECON AIR,Nepal,N
NCG,,Nederlandse Kustwacht,NETHERLANDS COASTGUARD,Netherlands,N
NFT,,Nefteyugansk Aviation Division,NEFTEAVIA,Russia,N
NLA,,Neiltown Air,NEILTOWN AIR,Canada,N
NLC,,Nelair Charters,NELAIR,South Africa,N
CGE,,Nelson Aviation College,COLLEGE,New Zealand,N
RNA,RA,Nepal Airlines,ROYAL NEPAL,Nepal,Y
NOS,NO,Neos,MOONFLOWER,Italy,N
TOX,,Neosiam Airways,SKY KINGDOM,Thailand,N
NSL,,Neric,NERICAIR,United Kingdom,N
EJA,1I,NetJets,EXECJET,United States,Y
NET,,Network Aviation Services,NETWORK,Nigeria,N
NEZ,,New England Air Express,ENGAIR,United States,N
NEA,EJ,New England Airlines,NEW ENGLAND,United States,Y
NHT,,New Heights 291,NEWHEIGHTS,South Africa,N
NWD,,New World Jet Corporation,NEW WORLD,United States,N
NYH,,New York Helicopter,NEW YORK,United States,N
GRY,,New York State Police,GRAY RIDER,United States,N
KRC,,New Zealand Air Defence Force,KIWI RESCUE,New Zealand,N
HVA,,Newair,HAVEN-AIR,United States,N
NLT,,Newfoundland Labrador Air Transport,NALAIR,Canada,N
NTJ,2N,NextJet,NEXTJET,Sweden,Y
NXF,,Nextflight Aviation,NEXTFLIGHT,United States,N
NXS,,Nexus Aviation,NEXUS AVIATION,Nigeria,N
NIS,,Nicaraguense De Aviacion,NICA,Nicaragua,N
NCN,,Nicon Airways,NICON AIRWAYS,Nigeria,N
NGA,,Nigeria Airways,NIGERIA,Nigeria,N
NGR,,Nigerian Air Force,NIGERIAN AIRFORCE,Nigeria,N
NGX,,Nigerian Global,AIR GLOBAL,Nigeria,N
EXT,,Night Express,EXECUTIVE,Germany,N
NLY,HG,Niki,FLYNIKI,Austria,Y
NKV,,Nikolaev-Air,AIR NIKOLAEV,Ukraine,N
NSA,,Nile Safaris Aviation,NILE SAFARIS,Sudan,N
NVA,,Nile Valley Aviation Company,,Egypt,N
NLW,,Nile Wings Aviation Services,NILE WINGS,Sudan,N
NBS,,Nimbus Aviation,NIMBUS,United Kingdom,N
NCA,KZ,Nippon Cargo Airlines,NIPPON CARGO,Japan,N
NVK,,Nizhnevartovskavia,VARTOSKAVIA,Russia,N
SRG,,Search and Rescue 202,,United Kingdom,N
SRD,,Search and Rescue 22,,United Kingdom,N
NOH,,No. 32 (The Royal) Squadron RAF,NORTHOLT,United Kingdom,N
AKG,,84 Squadron Royal Air Force @ RAF Akrotiri,GRIFTER,United Kingdom,N
NBL,,Nobil Air,NOBIL AIR,Moldova,N
NOK,DD,Nok Air,NOK AIR,Thailand,Y
NRL,,Nolinor Aviation,NOLINOR,Canada,N
NMD,,Nomad Aviation,NOMAD AIR,Namibia,N
NOC,,Norcopter,,Norway,N
NEF,,Nord-Flyg,NORDEX,Sweden,N
NES,JH,Nordeste Linhas Aereas Regionais,NORDESTE,Brazil,N
NRD,6N,Nordic Regional,NORTH RIDER,Sweden,N
NVD,,Nordic Solutions,NORDVIND,Lithuania,N
NDS,,Nordstree (Australia),,Australia,N
NRT,,Norestair,NORESTAIR,Spain,N
NCF,,Norfolk County Flight College,COUNTY,United Kingdom,Y
NOA,,Norontair,NORONTAIR,Canada,N
HMF,,Norrlandsflyg,LIFEGUARD SWEDEN,Sweden,N
NRX,,Norse Air Charter,NORSE AIR,South Africa,N
NIR,,Norsk Flyrjeneste,NORSEMAN,Norway,N
NOR,,Norsk Helikopter,NORSKE,Norway,N
DOC,,Norsk Luftambulanse,HELIDOC,Norway,N
RTV,,Nortavia,TIC-TAC,Portugal,N
NAI,,North Adria Aviation,NORTH-ADRIA,Croatia,N
NTM,,North American Airlines,NORTHAM,Canada,Y
HMR,,North American Charters,HAMMER,Canada,Y
NAJ,,North American Jet Charter Group,JET GROUP,United States,N
NAT,,North Atlantic Air Inc,MASS AIR,United States,N
NFC,,North Atlantic Cargo,NORTH ATLANTIC,Norway,N
NBN,,North British Airlines,TEESAIR,United Kingdom,N
NCB,,North Caribou Flying Service Ltd,NORTH CARIBOU,Canada,N
NCC,,North Coast Air Services Ltd,NORTH COAST,Canada,N
NFA,M3,North Flying,NORTH FLYING,Denmark,N
NRC,,North Sea Airways,NORTH SEA,Netherlands,N
SBX,,North Star Air Cargo,SKY BOX,United States,N
NRV,,North Vancouver Airlines,NORVAN,Canada,N
NWW,,North West Airlines,HALANT,Australia,N
PTO,,North West Geomatics,PHOTO,Canada,N
NEN,,North-East Airlines,NORTHEAST SWAN,Nigeria,N
VBG,,North-West Air Transport Company - Vyborg,VYBORG AIR,Russia,N
NWL,HW,North-Wright Airways,NORTHWRIGHT,Canada,N
NLL,,Northafrican Air Transport,NORTHAFRICAN AIR,Libya,N
NFL,,Northaire Feight Lines,GREAT LAKES,United States,N
NSF,,Northamptonshire School of Flying,NORTON,United Kingdom,N
NCE,,Northcoast Executive Airlines,TOP HAT,United States,N
NEE,,Northeast Airlines,NORTHEAST,United States,N
NPX,,Northeast Aviation,NORTHEAST EXPRESS,United States,N
NAC,NC,Northern Air Cargo,YUKON,United States,N
BYC,,Northern Airlines Sanya,BEIYA,China,N
NDA,,Northern Airways,NORTHERN DAKOTA,United States,N
CMU,,Northern Aviation Service,LANNA AIR,Thailand,N
NEX,,Northern Executive Aviation,NEATAX,United Kingdom,N
NIC,,Northern Illinois Commuter,ILLINOIS COMMUTER,United States,N
NTX,,Northern Jet Management,NORTAX,United States,N
NTA,,Northern Thunderbird Air,THUNDERBIRD,Canada,N
KOE,,Northland Aviation,KOKEE,United States,N
NSS,,Northstar Aviation,NORTHSTAR,United States,N
NHL,,Northumbria Helicopters,NORTHUMBRIA,United Kingdom,N
NAL,,Northway Aviation Ltd,NORTHWAY,Canada,N
NWE,,Northwest Aero Associates,,United States,N
NWA,NW,Northwest Airlines,NORTHWEST,United States,Y
NWR,FY,Northwest Regional Airlines,,Australia,N
NWT,,Northwest Territorial Airways,TERRITORIAL,Canada,N
PLR,J3,Northwestern Air,POLARIS,Canada,Y
NWN,,Northwinds Northern,NORTHWINDS,Canada,N
NAM,,Nortland Air Manitoba,MANITOBA,Canada,N
NAX,DY,Norwegian Air Shuttle,NOR SHUTTLE,Norway,Y
TFN,,Norwegian Aviation College,SPRIT,Norway,Y
XNT,,Notams International,,United States,N
LBT,BJ,Nouvel Air Tunisie,NOUVELAIR,Tunisia,Y
NOV,M4,Nova Airline,NOVANILE,Sudan,N
PTR,,Nova Scotia Department of Lands and Forests,PATROL,Canada,N
NVR,1I,Novair,NAVIGATOR,Sweden,Y
NVG,,Novogorod Air Enterprise,SADKO AVIA,Russia,N
NSP,,Novosibirsk Aircraft Repairing Plant,NARPAIR,Russia,N
NBE,,Novosibirsk Aviaenterprise,NAKAIR,Russia,N
NPO,,Novosibirsk Aviation Production Association,NOVSIB,Russia,N
NOY,,Noy Aviation,NOY AVIATION,Israel,N
ACQ,N6,Nuevo Continente,AERO CONTINENTE,Peru,N
NHR,,Nuevo Horizonte Internacional,NUEVO HORIZONTE,Mexico,N
NUN,,Nunasi-Central Airlines,NUNASI,Canada,N
NIN,,Nurman Avia Indopura,NURVINDO,Indonesia,N
NYS,,Nyasa Express,NYASA,Malawi,N
KNE,XY,Nas Air,NAS EXPRESS,Saudi Arabia,Y
OCN,,O Air,O-BIRD,France,N
OCM,UQ,O'Connor Airlines,OCONNOR,Australia,N
JPA,,OSACOM,J-PAT,United States,N
OHK,O8,Oasis Hong Kong Airlines,OASIS,Hong Kong,Y
BCN,,Ocean Air,BLUE OCEAN,Mauritania,Y
VCX,VC,Ocean Airlines,OCEANCARGO,Italy,N
OCS,,Ocean Sky (UK),OCEANSKY,United Kingdom,N
TUK,,Ocean Wings Commuter Service,TUCKERNUCK,United States,N
ONE,O6,Oceanair,OCEANAIR,Brazil,Y
ODS,,Odessa Airlines,ODESSA AIR,Ukraine,N
ODY,,Odyssey International,ODYSSEY,Canada,N
FOC,,Office Federal De'Aviation Civile,FOCA,Switzerland,N
GBO,,Ogooue Air Cargo,,Gabon,N
OKJ,,Okada Airlines,OKADA AIR,Nigeria,N
OKP,,Okapi Airways,OKAPI,Democratic Republic of Congo,N
OKA,,Okay Airways,OKAYJET,China,N
OKL,,Oklahoma Department of Public Safety,OKLAHOMA,United States,N
OLX,,Olimex Aerotaxi,OLIMEX,Czech Republic,N
KVK,,Olimp Air,PONTA,Kazakhstan,N
OAL,OA,Olympic Airlines,OLYMPIC,Greece,Y
OLY,,Olympic Aviation,OLAVIA,Greece,N
OMA,WY,Oman Air,OMAN AIR,Oman,Y
ORF,,Oman Royal Flight,OMAN,Oman,N
OAV,,Omni - Aviacao e Tecnologia,OMNI,Portugal,N
OAE,OY,Omni Air International,OMNI-EXPRESS,United States,Y
OMF,,Omniflys,OMNIFLYS,Mexico,N
OMS,N3,Omskavia Airline,OMSK,Russia,N
ORL,,On Air Limited,ON AIR,Canada,N
OTG,,One Two Go Airlines,THAI EXPRESS,Thailand,Y
OTM,,Onetime Airlines Zambia,ZEDTIME,Zambia,N
MED,,Ontario Ministry of Health,MEDICAL,Canada,N
OHY,8Q,Onur Air,ONUR AIR,Turkey,Y
OPA,,Opal Air,,Australia,N
OSA,,Open Sky Aviation,,Lebanon,N
BOS,,OpenSkies,MISTRAL,United Kingdom,N
ORR,,Operadora Turistica Aurora,TURISTICA AURORA,Mexico,N
OLE,,Operadora de Lineas Ejecutivas,OPERADORA,Mexico,N
OTP,,Operadora de Transportes Aereos,OPERADORA AEREO,Mexico,N
OPV,,Operadora de Veulos Ejectutivos,OPERADORA DE VUELOS,Mexico,N
LLO,,Operation Enduring Freedom,APOLLO,Canada,N
OAX,,Operational Aviation Services,,Australia,N
ORD,,Orange Air Services,ORANGE SERVICES,Sierra Leone,N
ORJ,,Orange Air Sierra Leone,ORANGE SIERRA,Sierra Leone,N
ORE,,Orange Aviation,ORANGE AVIATION,Israel,N
ORX,,Orbit Express Airlines,OREX,Turkey,N
ORK,,Orca Air,ORCA TAXI,Egypt,N
BUE,,Orebro Aviation,BLUELIGHT,Sweden,N
ORM,,Orel State Air Enterprise,ORPRISE,Russia,N
ORB,R2,Orenburg Airlines,ORENBURG,Russia,Y
OTA,,Organizacion De Transportes Aereos,ORGANIZACION,Mexico,N
OML,,Organizacoes Mambra,MAMBRA,Angola,N
OVV,,Orient Air,ORIENTSYR,Syrian Arab Republic,N
OTR,,Orient Airlines,ORIENTROC,Sudan,N
ORN,,Orient Airways,ORIENT LINER,Pakistan,N
OEA,OX,Orient Thai Airlines,ORIENT THAI,Thailand,Y
NGK,,Oriental Air Bridge,ORIENTAL BRIDGE,Japan,N
OAC,,Oriental Airlines,ORIENTAL AIR,Nigeria,N
OGN,QO,Origin Pacific Airways,ORIGIN,New Zealand,Y
OED,,Orion Air Charter,ORION CHARTER,South Africa,N
OIX,,Orion-x,ORIONIX,Russia,N
KOV,,Orlan-2000,ORLAN,Kazakhstan,N
RNG,,Ornage Aircraft Leasing,ORANGE,Netherlands,N
OAD,,Orscom Tourist Installations Company,ORSCOM,Egypt,N
OSH,,Osh Avia,OSH AVIA,Kyrgyzstan,N
OCO,,Ostend Air College,AIR COLLEGE,Belgium,N
OLT,OL,Ostfriesische Lufttransport,OLTRA,Germany,Y
FNL,,Oulun Tilauslento,FINN FLIGHT,Finland,N
RON,ON,Our Airline,OUR AIRLINE,Nauru,N
OOT,,Out Of The Blue Air Safaris,OOTBAS,South Africa,N
OLA,OJ,Overland Airways,OVERLAND,Nigeria,Y
OXE,,Oxaero,OXOE,United Kingdom,N
WDK,,Oxford Air Services,WOODSTOCK,United Kingdom,N
OAA,,Oxley Aviation,,Australia,N
OZR,OZ,Ozark Air Lines,OZARK,United States,N
OZJ,O7,Ozjet Airlines,AUSJET,Australia,Y
KTL,,P & P Floss Pick Manufacturers,KNOTTSBERRY,South Africa,N
PCR,,PAC Air,PACAIR,United States,N
PNR,PV,PAN Air,SKYJET,Spain,Y
PBA,9Q,PB Air,PEEBEE AIR,Thailand,Y
PDQ,,PDQ Air Charter,DISPATCH,United States,N
XAS,,PHH Aviation System,,United States,N
PDG,,PLM Dollar Group,OSPREY,United Kingdom,N
PUA,PU,PLUNA,PLUNA,Uruguay,Y
PMT,U4,PMTair,MULTITRADE,Cambodia,Y
PRP,,PRT Aviation,PRONTO,Spain,N
JIA,,PSA Airlines,BLUE STREAK,United States,N
KST,,PTL Luftfahrtunternehemen,KING STAR,Germany,N
WIS,,Paccair,WISCAIR,United States,N
PCE,Y5,Pace Airlines,PACE,United States,N
PAB,,Pacific Air Boats,AIR BOATS,Canada,N
PRC,,Pacific Air Charter,PACIFIC CHARTER,United States,N
PCF,,Pacific Air Express,PACIFIC EXPRESS,United States,N
PXP,,Pacific Air Transport,PAK EXPRESS,United States,N
PIC,BL,Jetstar Pacific,PACIFIC AIRLINES,Vietnam,Y
PAK,,Pacific Alaska Airlines,PACIFIC ALASKA,United States,N
PCV,,Pacific Aviation (Australia),PACAV,Australia,N
PCX,,Pacific Aviation (United States),,United States,N
PBN,DJ,Pacific Blue,BLUEBIRD,New Zealand,N
PQA,,Pacific Coast Airlines,SAGE BRUSH,United States,N
PCO,8P,Pacific Coastal Airline,PASCO,Canada,Y
PEC,Q8,Pacific East Asia Cargo Airlines,PAC-EAST CARGO,Philippines,Y
PFA,,Pacific Flight Services,PACIFIC SING,Singapore,N
PIN,,Pacific International Airlines,ROAD RUNNERS,United States,N
PSA,,Pacific Island Aviation,PACIFIC ISLE,United States,Y
PCJ,,Pacific Jet,PACIFIC JET,United States,N
PPM,,Pacific Pearl Airways,PACIFIC PEARL,Philippines,N
PAR,,Pacific Rim Airways,PACRIM,Australia,N
PSX,PS,Pacific Southwest Airlines,SMILEY,United States,N
NMI,LW,Pacific Wings,TSUNAMI,United States,Y
PFR,,Pacificair Airlines,PACIFIC WEST,United States,N
RCY,,Package Express,RACE CITY,United States,N
PAE,,Paisajes Espanoles,PAISAJES,Spain,N
PKW,,Pak West Airlines,PLATINUM WEST,United States,N
PIA,PK,Pakistan International Airlines,PAKISTAN,Pakistan,Y
PKR,,Pakker Avio,PAKKER AVIO,Estonia,N
LPA,,Pal Aerolineas,LINEASPAL,Mexico,N
PPC,,Palau Asia Pacific Airlines,PALAU ASIAPAC,Palau,N
PTP,GP,Palau Trans Pacific Airline,TRANS PACIFIC,Palau,N
PNW,PF,Palestinian Airlines,PALESTINIAN,Egypt,N
JSP,,Palmer Aviation,PALMER,United Kingdom,N
PIR,NR,Pamir Airways,PAMIR,Afghanistan,N
PFN,,Pan African Air Services,PANAFRICAN,Sierra Leone,N
ODM,,Pan African Airways,,Kenya,N
PAX,,Pan Air,PANNEX,United States,N
XPA,,Pan Am Weather Systems,,United States,N
PWD,,Pan Am World Airways,,Dominican Republic,N
PAA,PA,Pan American Airways,,United States,N
PAA,PA,Pan American World Airways,CLIPPER,United States,N
PEA,,Pan Europeenne Air Service,,France,N
PHT,,Pan Havacilik Ve Ticaret,PANANK,Turkey,N
PMA,,Pan Malaysian Air Transport,PAN MALAYSIA,Malaysia,N
PNC,,Pan-Air,PANAIRSA,Mexico,N
PNF,PQ,Panafrican Airways,PANWAYS,Ivory Coast,N
PGI,,Panagra Airways,PANAGRA,United States,N
PEI,,Panamedia,PANAMEDIA,Spain,N
PVI,,Panavia,,Panama,N
PNH,,Panh,KUBAN LIK,Russia,N
PHU,,Pannon Air Service,PANNON,Hungary,N
PNM,,Panorama,PANORAMA,Spain,N
PAH,,Panorama Air Tour,LANI,United States,N
AFD,,Panorama Flight Service,AIRFED,United States,N
PTN,P8,Pantanal Linhas Aéreas,PANTANAL,Brazil,N
HMP,,Papair Terminal,PAPAIR TERMINAL,Haiti,N
PAI,,Paradise Airways,SEA RAY,United States,N
PDI,,Paradise Island Airways,PARADISE ISLAND,United States,N
PGX,,Paragon Air Express,PARAGON EXPRESS,United States,N
PGF,,Paragon Global Flight Support,,United Kingdom,N
PRR,,Paramount Airlines,PARAMOUNT,Sierra Leone,N
PMW,I7,Paramount Airways,PARAWAY,India,Y
APE,,Parcel Express,AIR PARCEL,United States,N
IRE,,Pariz Air,PARIZAIR,Iran,N
PRA,,Pars Aviation Service,PARSAVIA,Iran,N
PST,,Parsa,TURISMO REGIONAL,Panama,N
FAP,,Parsons Airways Northern,,Canada,N
PSC,,Pascan Aviation,PASCAN,Canada,N
PTB,,Passaredo Transportes Aereos,PASSAREDO,Brazil,Y
PTC,,Patria Cargas Aereas,PATRIA,Argentina,N
BYT,,Patriot Aviation Limited,BYTE,United Kingdom,N
ETL,,Patterson Aviation Company,ENTEL,United States,N
PHE,,Pawan Hans,PAWAN HANS,India,N
IRP,,Payam Air,PAYAMAIR,Iran,N
KGC,,Peach Air,GOLDCREST,United Kingdom,N
PRL,,Pearl Air,PEARL LINE,Pakistan,N
PBY,,Pearl Air Services,PEARL SERVICES,Uganda,N
HPA,HP,Pearl Airways,PEARL AIRWAYS,Haiti,N
PVU,,Peau Vava%Gʻ%@u,PEAU,Tonga,N
PXA,,Pecotox Air,PECOTOX,Moldova,N
PGT,PC,Pegasus Airlines,SUNTURK,Turkey,Y
PEV,,Pegasus Aviation,PEGAVIATION,Greece,N
HAK,,Pegasus Helicopters,HELIFALCON,Norway,N
PDF,,Pelican Air Services,PELICAN AIRWAYS,South Africa,N
PEX,,Pelican Express,PELICAN EXPRESS,United States,N
PAS,,Pelita Air Service,PELITA,Indonesia,N
PEM,,Pem-Air,PEM-AIR,Canada,N
PDY,,Pen-Avia,PENDLEY,United Kingdom,N
PEN,KS,Peninsula Airways,PENINSULA,United States,Y
PNE,,Peninter Aerea,PENINTER,Mexico,N
PCA,,Penya De L'Aire,PENA DEL AIRE,Spain,N
CVT,,Peran,CVETA,Kazakhstan,N
PCC,,Perforadora Central,PERFORADORA CENTRAL,Mexico,N
PAG,,Perimeter Aviation,PERIMETER,Canada,N
PGP,P9,Perm Airlines,PERM AIR,Russia,N
PPQ,,Personas Y Pasquetes Por Air,PERSONSPAQ,Mexico,N
FPR,,Peruvian Air Force,,Peru,N
INP,,Peruvian Navy,,Peru,N
PMX,,Petroleos Mexicanos,PEMEX,Mexico,N
PHM,,Petroleum Helicopters,PETROLEUM,United States,N
PHC,,Petroleum Helicopters de Colombia,HELICOPTERS,Colombia,N
PTK,,Petropavlovsk-Kamchatsk Air Enterprise,PETROKAM,Russia,N
PTY,,Petty Transport,PETTY,United States,N
PHV,,Phenix Aviation,NEW BIRD,France,N
PMY,,Phetchabun Airline,PHETCHABUN AIR,Thailand,N
PAL,PR,Philippine Airlines,PHILIPPINE,Philippines,Y
PHI,,Philips Aviation Services,PHILAIR,Netherlands,N
BCH,,Phillips Air,BEACHBALL,United States,N
PDD,,Phillips Alaska,PADA,United States,N
PHL,,Phillips Michigan City Flying Service,PHILLIPS,United States,N
PHB,,Phoebus Apollo Aviation,PHOEBUS,South Africa,N
KZM,,Phoebus Apolloa Zambia,CARZAM,Zambia,N
PHA,,Phoenix Air Group,GRAY BIRD,United States,N
PHN,,Phoenix Air Lines,PHOENIX BRASIL,Brazil,N
PAM,,Phoenix Air Service,PHOENIX,Germany,N
PPG,,Phoenix Air Transport,PAPAGO,United States,N
WDY,,Phoenix Airline Services,WINDYCITY,United States,N
PHY,,Phoenix Avia,PHOENIX ARMENIA,Armenia,N
PHG,,Phoenix Aviation,PHOENIX GROUP,Kyrgyzstan,N
XPX,,Phoenix Flight Operations,,United States,N
VAP,9R,Phuket Air,PHUKET AIR,Thailand,N
PDT,PI,Piedmont Airlines (1948-1989),PIEDMONT,United States,Y
PCH,,Pilatus Flugzeugwerke,PILATUS WINGS,Switzerland,N
PLU,,Pilatus PC-12 Center De Mexico,PILATUS MEXICO,Mexico,N
MKS,,Pimichikamac Air,MIKISEW,Canada,N
PNP,,Pineapple Air,PINEAPPLE AIR,Bahamas,N
PIM,,Pinframat,PINFRAMAT,Angola,N
PCL,,Pinnacle Air Group,PINNACLE GROUP,United States,N
FLG,9E,Pinnacle Airlines,FLAGSHIP,United States,Y
PIO,,Pioneer Airlines,PIONEER,United States,N
PER,,Pioneers Limited,,Pakistan,N
PRN,,Pirinair Express,PRINAIR EXPRESS,Spain,N
PLN,,Planar,PLANAR,Angola,N
PMS,,Planemaster Services,PLANEMASTER,United States,N
PLZ,,Planet Airways,PLANET,United States,N
PYZ,,Players Air,PLAYERS AIR,United States,N
LIB,,Ploizeihubschrauberstaffel Hamburg,LIBELLE,Germany,N
PSF,,Plymouth School of Flying,LIZARD,United Kingdom,N
POC,,Pocono Air Lines,POCONO,United States,N
PDA,,Podilia-Avia,PODILIA,Ukraine,N
PAZ,,Point Afrique Niger,POINTAIR NIGER,Niger,N
RMI,,Point Airlines,POINT AIRLINE,Nigeria,N
PAW,,Pointair Burkina,POINTAIR BURKINA,Burkina Faso,N
PTS,,Points of Call Airlines,POINTSCALL,Canada,N
PAC,PO,Polar Air Cargo,POLAR,United States,N
PMO,,Polar Airlines de Mexico,POLAR MEXICO,Mexico,N
PSR,,Polestar Aviation,POLESTAR,United Kingdom,N
POT,,Polet,POLET,Russia,Y
POF,,Police Aux Frontiers,AIRPOL,France,N
PLC,,Police Aviation Services,SPECIAL,United Kingdom,N
PLF,,Polish Air Force,POLISH AIRFORCE,Poland,N
PNY,,Polish Navy,POLISH NAVY,Poland,N
NRW,,Polizeifliegerstaffel Nordrhein-Westfalen,HUMMEL,Germany,N
PPH,,Polizeihibschrauberstaffel Neidersachsen,POLICE PHOENIX,Germany,N
PIK,,Polizeihuberschrauberstaffel Sachsen-Anhalt,POLICE IKARUS,Germany,N
SRP,,Polizeihubschrafterstaffel Rheinland-Pfalz,SPERBER,Germany,N
PBW,,Polizeihubschrauberstaffel Baden-Wurtemberg,BUSSARD,Germany,N
EDL,,Polizeihubschrauberstaffel Bayern,POLICE EDELWEISS,Germany,N
PBB,,Polizeihubschrauberstaffel Brandenburg,ADEBAR,Germany,N
PHH,,Polizeihubschrauberstaffel Hessen,IBIS,Germany,N
PMV,,Polizeihubschrauberstaffel Mecklenburg-Vorpommern,POLICE MERLIN,Germany,N
PHS,,Polizeihubschrauberstaffel Sachsen,PASSAT,Germany,N
HBT,,Polizeihubschrauberstaffel Thuringen,HABICHT,Germany,N
CUK,,Polo Aviation,CHUKKA,United Kingdom,N
PLA,,Polynesian Air-Ways,POLYAIR,United States,N
PAO,PH,Polynesian Airlines,POLYNESIAN,Samoa,Y
PLB,DJ,Polynesian Blue,POLYBLUE,New Zealand,N
PND,,Pond Air Express,POND AIR,United States,N
PSI,,Pont International Airline Services,PONT,Suriname,N
PLX,,Pool Aviation,POOLEX,United Kingdom,N
PTQ,,Port Townsend Airways,TOWNSEND,United States,N
POR,,Porteadora De Cosola,PORTEADORA,Mexico,N
POE,PD,Porter Airlines,PORTER AIR,Canada,Y
PGA,NI,Portugalia,PORTUGALIA,Portugal,Y
AFP,,Portuguese Air Force,PORTUGUESE AIR FORCE,Portugal,N
POA,,Portuguese Army,PORTUGUESE ARMY,Portugal,N
PON,,Portuguese Navy,PORTUGUESE NAVY,Portugal,N
PDC,BK,Potomac Air,DISTRICT,United States,Y
PSN,,Potosina Del Aire,POTOSINA,Mexico,N
PWL,,Powell Air,POWELL AIR,Canada,N
PFS,,Prairie Flying Service,PRAIRIE,United States,N
PWC,,Pratt and Whitney Canada,PRATT,Canada,N
PRF,PW,Precision Air,PRECISION AIR,Tanzania,Y
PRE,,Precision Airlines,PRECISION,United States,N
BAT,,Premiair,BALLISTIC,Luxembourg,N
PGL,,Premiair Aviation Services,PREMIERE,United Kingdom,N
PME,,Premiair Fliyng Club,ADUR,United Kingdom,N
EMI,,Premium Air Shuttle,BLUE SHUTTLE,Nigeria,N
PMU,,Premium Aviation,PREMIUM,Germany,N
BFA,,Presidence Du Faso,,Burkina Faso,N
ONM,,Presidencia de La Republica de Guinea Ecuatorial,,Equatorial Guinea,N
PSD,TO,President Airlines,,Cambodia,N
PRD,,Presidential Aviation,PRESIDENTIAL,United States,N
PWA,,Priester Aviation,PRIESTER,United States,N
PMM,,Primair,PRIMAVIA,Russia,N
WCP,FE,Primaris Airlines,WHITECAP,United States,N
PMC,,Primas Courier,PRIMAC,United States,N
CRY,,Primavia Limited,CARRIERS,United Kingdom,N
PRM,,Prime Air,PRIME AIR,United States,N
PKZ,,Prime Aviation,PRAVI,Kazakhstan,N
CME,,Prince Edward Air,COMET,Canada,N
PJP,,Princely Jets,PRINCELY JETS,Pakistan,N
PCN,,Princeton Aviation Corporation,PRINCETON,United States,N
PRY,,Priority Air Charter,PRIORITY AIR,United States,N
PAT,,Priority Air Transport,PAT,United States,N
BCK,,Priority Aviation Company,BANKCHECK,United States,N
PTI,,Privatair,PRIVATAIR,Switzerland,Y
PJE,,Private Jet Expeditions,PEE JAY,United States,N
PJA,,Private Jet Management,PRIVATE FLIGHT,United States,N
PWF,8W,Private Wings Flugcharter,PRIVATE WINGS,Germany,N
PVG,,Privilege Style L,PRIVILEGE,Spain,N
PRH,,Pro Air,PROHAWK,United States,N
PSZ,,Pro Air Service,POP-AIR,United States,N
GIY,,Probiz Guinee,PROBIZ,Guinea,N
PAD,,Professional Express Courier Service,AIR PROFESSIONAL,United States,N
PVL,,Professione VOlare,VOLARE,Italy,N
PTT,,Promotora Industria Totolapa,TOTOLAPA,Mexico,N
PRO,,Propair,PROPAIR,Canada,N
PFZ,,Propflight Air Services,PROFLIGHT-ZAMBIA,Zambia,N
PPA,,Propheter Aviation,AIR PROP,United States,N
PTH,,Proteus Helicopteres,PROTEUS,France,N
PTL,,Providence Airline,PLANTATION,United States,N
AWD,,Providence Aviation Services,,Pakistan,N
SPR,,Provincial Airlines,SPEEDAIR,Canada,N
PRV,,Provincial Express,PROVINCIAL,Canada,N
PSW,,Pskovavia,PSKOVAVIA,Russia,N
UDA,,Psudiklat Perhubungan Udara/PLP,UDARA,Indonesia,N
PTA,,Ptarmigan Airways,PTARMIGAN,Canada,N
PSP,,Publiservicios Aereos,PUBLISERVICIOS,Mexico,N
PUV,,Publivoo,PUBLIVOO,Portugal,N
PNG,,Puerto Rico National Guard,,United States,N
TXV,,Puerto Vallarta Taxi Aereo,TAXIVALLARTA,Mexico,N
PGH,,Pulkovo Aircraft Services,,Russia,N
PLY,,Puma Linhas Aereas,PUMA BRASIL,Brazil,N
PTV,,Puntavia Air Services,PUNTAVIA,Djibouti,N
MGO,,Punto Fa,MANGO,Spain,N
PYR,,Pyramid Air Lines,PYAIR,Egypt,N
QNT,,Qanot Sharq,QANAT SHARQ,Uzbekistan,N
QFA,QF,Qantas,QANTAS,Australia,Y
QAC,,Qatar Air Cargo,QATAR CARGO,Qatar,N
QTR,QR,Qatar Airways,QATARI,Qatar,Y
QAF,,Qatar Amiri Flight,AMIRI,Qatar,N
IRQ,,Qeshm Air,QESHM AIR,Iran,N
QTX,,Quantex Environmental,AIR QUANTEX,Canada,N
QUE,,Quebec Government Air Service,QUEBEC,Canada,N
QNA,,Queen Air,QUEEN AIR,Dominican Republic,N
LBQ,,Quest Diagnostics,LABQUEST,United States,N
QAJ,,Quick Air Jet Charter,DAGOBERT,Germany,N
QAH,,Quick Airways Holland,QUICK,Netherlands,N
QAS,,Quisqueya Airlines,QUISQUEYA,Haiti,N
QAQ,,Qurinea Air Service,QURINEA AIR,Libya,N
QCC,,Qwest Commuter Corporation,QWEST AIR,United States,N
QWA,,Qwestair,,Australia,N
QWL,,Qwila Air,Q-CHARTER,South Africa,N
RJT,,RA Jet Aeroservicios,RA JET,Mexico,N
BKH,,RAF Barkston Heath,,United Kingdom,N
CFN,,Church Fenton Flying Training Unit,CHURCH FENTON,United Kingdom,N
COH,,Coltishall Flying Training Unit,COLT,United Kingdom,N
CBY,,Coningsby Flying Training Unit,TYPHOON,United Kingdom,N
COT,,Cottesmore Flying Training Unit,COTTESMORE,United Kingdom,N
CWL,,Cranwell Flying Training Unit,CRANWELL,United Kingdom,N
KIN,,Kinloss Flying Training Unit,KINLOSS,United Kingdom,Y
LEE,,Leeming Flying Training Unit,JAVELIN,United Kingdom,N
LCS,,RAF Leuchars,LEUCHARS,United Kingdom,N
LOP,,Linton-on-Ouse Flying Training Unit,LINTON ON OUSE,United Kingdom,N
LOS,,Lossiemouth Flying Training Unit,LOSSIE,United Kingdom,N
MRH,,Marham Flying Training Unit,MARHAM,United Kingdom,N
NWO,,Northwood Headquarters (RAF,,United Kingdom,N
SMZ,,RAF Scampton,SCAMPTON,United Kingdom,N
STN,,RAF St Athan,SAINT ATHAN,UNited Kingdom,N
SMG,,RAF St Mawgan Search and Rescue,,United Kingdom,N
TOF,,RAF Topcliffe Flying Training Unit,TOPCLIFFE,United Kingdom,N
VYT,,RAF Valley Flying Training Unit,ANGLESEY,United Kingdom,N
VLL,,RAF Valley SAR Training Unit,,United Kingdom,N
WAD,,Waddington FTU,VULCAN,United Kingdom,N
WIT,,Wittering FTU,STRIKER,United Kingdom,N
MTL,,RAF-Avia,MITAVIA,Latvia,N
RKM,,RAK Airways,RAKAIR,United Arab Emirates,N
RWL,,RWL Luftfahrtgesellschaft,RHEINTRAINER,Germany,N
RBB,,Rabbit-Air,RABBIT,Switzerland,N
ACE,,Race Cargo Airlines,Fastcargo,Ghana,N
GBR,,Rader Aviation,GREENBRIER AIR,United States,N
RAJ,,Raji Airlines,RAJI,Pakistan,N
RFA,,Raleigh Flying Service,RALEIGH SERVICE,United States,N
REX,,Ram Air Freight,RAM EXPRESS,United States,N
RMT,,Ram Aircraft Corporation,RAM FLIGHT,United States,N
PPK,,Ramp 66,PELICAN,United States,N
RGM,,Rangemile Limited,RANGEMILE,United Kingdom,N
MWR,,Raslan Air Service,RASLAN,Egypt,N
RAQ,,Rath Aviaton,RATH AVIATION,Austria,N
CSM,,Ratkhan Air,LORRY,Kazakhstan,N
RVR,,Raven Air,RAVEN,United Kingdom,N
RVN,,Raven Air,RAVEN U-S,United States,N
REI,,Ray Aviation,RAY AVIATION,Israel,N
RYT,,Raya Jet,,Jordan,N
RTN,,Raytheon Aircraft Company,RAYTHEON,United States,N
RCJ,,Raytheon Corporate Jets,NEWPIN,United Kingdom,N
KSS,,Raytheon Travel Air,KANSAS,United States,N
RCB,,Real Aero Club De Baleares,BALEARES,Spain,N
CDT,,Real Aero Club de Reus-Costa Dorado,AEROREUS,Spain,N
RCD,,Real Aeroclub De Ternerife,AEROCLUB,Spain,N
RLV,,Real Aviation,REAL,Ghana,N
REB,,Rebus,REBUS,Bulgaria,N
PSH,,Red Aviation,PASSION,United Kingdom,N
RBN,,Red Baron Aviation,RED BARON,United States,N
DEV,,Red Devils Parachute Display Team,RED DEVILS,United Kingdom,N
RDV,,Red Sea Aviation,RED AVIATION,Egypt,N
RSV,,Red Sky Ventures,RED SKY,Namibia,N
STR,,Red Star,STARLINE,United Arab Emirates,N
RHC,8L,Redhill Aviation,REDAIR,United Kingdom,N
RAV,,Reed Aviation,REED AVIATION,United Kingdom,N
REF,,Reef Air,REEF AIR,New Zealand,N
REK,V4,Reem Air,REEM AIR,Kyrgyzstan,N
RVV,,Reeve Aleutian Airways,REEVE,United States,N
RBH,,Regal Bahamas International Airways,CALYPSO,Bahamas,N
RGY,,Regency Airlines,REGENCY,United States,N
RAH,,Regent Air,REGENT,Canada,N
RAG,,Regio Air,GERMAN LINK,Germany,N
RGR,,Region Air,REGIONAIR,Canada,N
TSH,,Regional 1,TRANSCANADA,Canada,N
RIL,,Regional Air,,Mauritania,N
REW,,Regional Air Express,REGIONAL WINGS,Germany,N
RGL,,Regional Air Lines,MAROC REGIONAL,Morocco,N
REG,,Regional Air Services,REGIONAL SERVICES,Tanzania,N
RXA,ZL,Regional Express,REX,Australia,Y
JJM,,Regional Geodata Air,GEODATA,Spain,N
CEA,3C,RegionsAir,CORP-X,United States,N
REL,,Reliance Aviation,RELIANCE AIR,United States,N
RLT,,Reliant Airlines,RELIANT,United States,N
RTS,,Relief Transport Services,RELIEF,United Kingdom,N
RAN,,Renan,RENAN,Moldova,N
ROA,QQ,Reno Air,RENO AIR,United States,N
RGS,,Renown Aviation,RENOWN,United States,N
RPA,RW,Republic Airlines,BRICKYARD,United States,Y
RPH,RH,Republic Express Airlines,PUBLIC EXPRESS,Indonesia,Y
RBC,,Republicair,REPUBLICAIR,Mexico,N
RST,,Resort Air,RESORT AIR,United States,N
RDS,,Rhoades Aviation,RHOADES EXPRESS,United States,N
RIU,,Riau Airlines,RIAU AIR,Indonesia,N
RIA,,Rich International Airways,RICHAIR,United States,N
RVC,,Richards Aviation,RIVER CITY,United States,N
RIC,,Richardson's Airway,RICHARDSON,United States,N
RCA,,Richland Aviation,RICHLAND,United States,N
HPR,,Rick Lucas Helicopters,HELIPRO,New Zealand,N
RLE,C7,Rico Linhas A,RICO,Brazil,N
RID,,Ridder Avia,AKRID,Kazakhstan,N
RAK,,Riga Airclub,SPORT CLUB,Latvia,N
RAZ,,Rijnmond Air Services,RIJNMOND,Netherland,N
POL,,Rikspolisstyrelsen,,Sweden,N
RIM,,Rimrock Airlines,RIMROCK,United States,N
SKA,,Rio Air Express,RIO EXPRESS,Brazil,N
REO,,Rio Airways,RIO,United States,N
GRN,E2,Rio Grande Air,GRANDE,United States,N
RSL,SL,Rio Sul Servi,RIO SUL,Brazil,N
RVM,,River Ministries Air Charter,RIVER,South Africa,N
RGP,,River State Government of Nigeria,GARDEN CITY,Nigeria,N
UNR,,Rivne Universal Avia,RIVNE UNIVERSAL,Ukraine,N
RDL,,Roadair Lines,ROADAIR,Canada,N
RBT,,Robinton Aero,ROBIN,Dominican Republic,N
ROX,,Roblex Aviation,ROBLEX,United States,N
RKW,,Rockwell Collins Avionics,ROCKWELL,United States,N
ROC,,Rocky Mountain Airlines,,Canada,N
RMA,,Rocky Mountain Airways,ROCKY MOUNTAIN,United States,N
LIF,,Rocky Mountain Holdings,LIFECARE,United States,N
RDZ,,Rodze Air,RODZE AIR,Nigeria,N
FAD,,Rog-Air,AIR FRONTIER,Canada,N
RRZ,,Rollright Aviation,ROLLRIGHT,United Kingdom,N
RRL,,Rolls-Royce Limited,MERLIN,United Kingdom,N
BTU,,Rolls-Royce plc,ROLLS,United Kingdom,N
ROF,,Romanian Air Force,ROMAF,Romania,N
RMV,,Romavia,AEROMAVIA,Romania,N
RNS,,Ronso,RONSO,Mexico,N
ROR,,Roraima Airways,RORAIMA,Guyana,N
RNB,,Rosneft-Baltika,ROSBALT,Russia,N
NRG,,Ross Aviation,ENERGY,United States,N
RFS,,Rossair,,Australia,N
RSS,,Rossair,ROSS CHARTER,South Africa,N
ROS,,Rossair Europe,CATCHER,Netherlands,N
RAL,,Roswell Airlines,ROSWELL,United States,N
RAR,GZ,Air Rarotonga,,Cook Islands,Y
RTR,,Rotatur,ROTATUR,Brazil,N
RKT,,Rotormotion,ROCKET,United Kingdom,N
JCR,,Rotterdam Jet Center,ROTTERDAM JETCENTER,Netherlands,N
ROV,,Rover Airways International,ROVERAIR,United States,N
VOS,,Rovos Air,ROVOS,South Africa,N
RCG,,Royal Air Cargo,ROYAL CARGO,South Africa,N
RFR,RR,Royal Air Force,RAFAIR,United Kingdom,N
MJN,RS,Royal Air Force of Oman,MAJAN,Oman,N
ACW,,Royal Air Force,AIR CADET,United Kingdom,N
RRR,,Royal Air Force,ASCOT,United Kingdom,N
RRF,,Royal Air Force,KITTY,United Kingdom,N
SHF,,Royal Air Force,VORTEX,United Kingdom,N
RAX,,Royal Air Freight,AIR ROYAL,United States,N
RAM,AT,Royal Air Maroc,ROYALAIR MAROC,Morocco,Y
RPK,R0,Royal Airlines,ROYAL PAKISTAN,Pakistan,N
RLM,,Royal American Airways,ROYAL AMERICAN,United States,N
RYL,V5,Royal Aruban Airline,ROYAL ARUBAN,Aruba,N
ASY,,Royal Australian Air Force,AUSSIE,Australia,N
RXP,,Royal Aviation Express,ROY EXPRESS,Canada,N
RYB,,Royal Bahrain Airlines,ROYAL BAHRAIN,Bahrain,N
RBA,BI,Royal Brunei Airlines,BRUNEI,Brunei,Y
KDR,,Royal Daisy Airlines,DARLINES,Uganda,N
RGA,,Royal Ghanaian Airlines,ROYAL GHANA,Ghana,N
ROJ,,Royal Jet,ROYALJET,United Arab Emirates,N
RJA,RJ,Royal Jordanian,JORDANIAN,Jordan,Y
RJZ,,Royal Jordanian Air Force,JORDAN AIR FORCE,Jordan,N
RKH,RK,Royal Khmer Airlines,KHMER AIR,Cambodia,N
RMF,,Royal Malaysian Air Force,ANGKASA,Malaysia,N
NVY,,Royal Navy,NAVY,United Kingdom,N
RNA,RA,Royal Nepal Airlines,ROYAL NEPAL,Nepal,Y
NRN,,Royal Netherland Navy,NETHERLANDS NAVY,Netherlands,N
NAF,,Royal Netherlands Air Force,NETHERLANDS AIR FORCE,Netherlands,N
KIW,,Royal New Zealand Air Force,KIWI,New Zealand,N
NOW,,Royal Norwegian Air Force,NORWEGIAN,Norway,N
ROP,,Royal Oman Police,,Oman,N
PPW,,Royal Phnom Penh Airways,PHNOM-PENH AIR,Cambodia,Y
RRA,,Royal Rwanda Airlines,ROYAL RWANDA,Rwanda,N
RSF,,Royal Saudi Air Force,ARSAF,Saudi Arabia,N
RYS,,Royal Sky,ROYAL SKY,Thailand,N
RSN,,Royal Swazi National Airways,SWAZI NATIONAL,Swaziland,N
HRH,WR,Royal Tongan Airlines,TONGA ROYAL,Tonga,N
RWE,,Royal West Airlines,ROYAL WEST,United States,N
RSB,,Rubystar,RUBYSTAR,Belarus,N
RMG,,Rumugu Air & Space Nigeria,RUMUGU AIR,Nigeria,N
RUR,,Rusaero,,Russia,N
KLE,,Rusaero,,Russia,N
CGI,,Rusair JSAC,CGI-RUSAIR,Russia,N
RUH,,Rusich-T,,Russia,N
RLU,,Rusline,RUSLINE AIR,Russia,Y
MIG,,Russian Aircraft Corporation-MiG,MIG AVIA,Russia,N
RFF,,Russian Federation Air Force,RUSSIAN AIRFORCE,Russia,N
ESL,P7,Russian Sky Airlines,RADUGA,Russia,N
RUZ,,Rusuertol,ROSTUERTOL,Russia,N
RUC,,Rutas Aereas,RUTACA,Venezuela,N
RND,,Rutland Aviation,RUTLAND,United Kingdom,N
RUA,,Rwanda Airlines,,Rwanda,N
RWA,,Rwanda Airways,,Rwanda,N
RWD,WB,Rwandair Express,RWANDAIR,Rwanda,Y
RCT,,Ryan Air Service,ARCTIC TRANPORT,United States,N
RYA,,Ryan Air Services,RYAN AIR,United States,Y
RYN,RD,Ryan International Airlines,RYAN INTERNATIONAL,United States,Y
RYR,FR,Ryanair,RYANAIR,Ireland,Y
RYZ,,Ryazan State Air Enterprise,RYAZAN AIR,Russia,N
RAA,,Rynes Aviation,RYNES AVIATION,United States,N
RAE,YS,Régional,REGIONAL EUROPE,France,Y
BDS,,South Asian Airlines,SOUTH ASIAN,Bangladesh,N
BEC,,State Air Company Berkut,,Kazakhstan,N
RZO,S4,SATA International,AIR AZORES,Portugal,Y
SAA,SA,South African Airways,SPRINGBOK,South Africa,Y
SAB,,Sky Way Air,SKY WORKER,Kyrgyzstan,N
SAC,,SASCO Airlines,SASCO,Sudan,N
SAF,,Republic of Singapore Air Force,SINGA,Singapore,N
SAG,,SOS Flygambulans,MEDICAL AIR,Sweden,N
SAH,,Sayakhat Airlines,SAYAKHAT,Kazakhstan,N
SAI,NL,Shaheen Air International,SHAHEEN AIR,Pakistan,Y
SAJ,,Golden Eagle Air Services (FAA),SAJEN,Canada,N
SAK,,Red Arrows Display Squadron,RED ARROWS,United Kingdom,N
SAM,,SAM Colombia,SAM,Colombia,N
SAN,,Servicios Aereos Nacionales (SAN),AEREOS,Ecuador,N
SAO,,Sahel Aviation Service,SAVSER,Mali,N
ANX,,Secretaria de Marina,SECRETARIA DEMARINA,Mexico,N
SAQ,,Springbank Aviation,SPRINGBANK,Canada,N
SAS,SK,Scandinavian Airlines System,SCANDINAVIAN,Sweden,Y
SAV,,Samal Air,,Kazakhstan,N
SAW,,Sham Wing Airlines,SHAMWING,Syrian Arab Republic,N
SAX,,Sabah Air,SABAH AIR,Malaysia,N
SAY,,ScotAirways,SUCKLING,United Kingdom,Y
SAZ,,Swiss Air-Ambulance,SWISS AMBULANCE,Switzerland,N
SBA,,STA-MALI,STA-MALI,Mali,N
SBB,,Steinman Aviation,SABER EXPRESS,United States,N
SBF,,Seven Bar Flying Service,S-BAR,United States,N
SBG,,Sabre Incorporated,,United States,N
SBI,S7,S7 Airlines,SIBERIAN AIRLINES,Russia,Y
SBL,,Sobel Airlines of Ghana,SOBGHANA,Ghana,N
SBM,,Sky Bahamas,SKY BAHAMAS,Bahamas,N
SBO,,Stabo Air,STABAIR,Zambia,N
SBQ,,Smithkline Beacham Clinical Labs,SKIBBLE,United States,N
SBR,,Saber Aviation,FREIGHTER,United States,N
SBS,BB,Seaborne Airlines,SEABORNE,United States,Y
SBU,,Saint Barth Commuter,BLACK FIN,France,N
URJ,,Star Air,STARAV,Pakistan,N
SBZ,,Scibe Airlift,SCIBE AIRLIFT,Democratic Republic of the Congo,N
AME,,Spanish Air Force,AIRMIL,Spain,N
SCA,,South Central Air,SOUTH CENTRAL,United States,N
SCC,,Seacoast Airlines,SEA-COASTER,United States,N
SCE,,Scenic Airlines,SCENIC,United States,Y
SCF,,Socofer,SOCOFER,Angola,N
SCI,,Servicios Aereos San Cristobal,SAN CRISTOBAL,Mexico,N
SCK,,Sky Cam,SKYCAM,France,N
SCL,,Switfair Cargo,SWIFTAIR,Canada,N
SCN,,South American Airlines,SOUTH AMERICAN,Peru,N
AHI,,Servicios Aereos de Chihuahua Aerochisa,AEROCHISA,Mexico,N
ALK,UL,SriLankan Airlines,SRILANKAN,Sri Lanka,Y
CDL,,Sunbird Airlines,CAROLINA,United States,N
SCP,,Scorpio,SCORPIO,Egypt,N
SCR,,Si-Chang Flying Service,SICHART,Thailand,N
SCS,,South African Non Scheduled Airways,SOUTHERN CHARTERS,South Africa,N
SCT,,SAAB-Aircraft,SAAB-CRAFT,Sweden,N
SCV,,Servicios Aereos Del Centro,SACSA,Mexico,N
SCX,SY,Sun Country Airlines,SUN COUNTRY,United States,Y
SDA,,St. Andrews Airways,SAINT ANDREWS,Canada,N
SDB,,Sukhoi Design Bureau Company,SU-CRAFT,Russia,N
SDC,,Sunrise Airlines,SUNDANCE,United States,N
SDD,,Skymaster Air Taxi,SKY DANCE,United States,N
SDF,,Sundorph Aeronautical Corporation,SUNDORPH,United States,N
SDH,,Servicio De Helicopteros,ARCOS,Spain,N
SDK,,SADELCA - Sociedad Aerea Del Caqueta,SADELCA,Colombia,N
SDL,,Skydrift,SKYDRIFT,United Kingdom,N
SDN,,Spirit of Africa Airlines,BLUE NILE,Sudan,N
SDU,,Sud Airlines,SUD LINES,France,N
SDV,,Servicios Aereos Del Vaupes,SELVA,Colombia,N
SDX,,Servicio Tecnico Aero De Mexico,SERVICIO TECNICO,Mexico,N
SDZ,,Sudan Pezetel for Aviation,SUDANA,Sudan,N
SEA,,Southeast Air,SOUTHEAST AIR,United States,Y
SEB,,Servicios Aereos Luce,SERVILUCE,Mexico,N
SED,,Sedona Air Center,SEDONA AIR,United States,N
SEE,,Shaheen Air Cargo,SHAHEEN CARGO,Pakistan,N
SEH,G3,Sky Express,AIR CRETE,Greece,Y
SEJ,SG,Spicejet,SPICEJET,India,Y
SEK,,Skyjet,SKALA,Kazakhstan,N
SEL,,Sentel Corporation,SENTEL,United States,N
SEO,,Selcon Airlines,SELCON AIR,Nigeria,N
SEQ,I6,Sky Eyes,SKY EYES,Thailand,N
SES,,Servicio Aereo Saltillo,SERVISAL,Mexico,N
SET,EH,SAETA,SAETA,Ecuador,N
SEV,,Serair Transworld Press,CARGOPRESS,Spain,N
SFA,,SEFA,SEFA,France,N
SFC,,Shuswap Flight Centre,SHUSWAP,Canada,N
SFE,,Sefofane Air Charters,SEFOFANE,South Africa,N
SFF,,Safewings Aviation Company,SWIFTWING,United States,N
SFG,,Sun Freight Logistics,AERO GULF,Thailand,N
SFJ,7G,Star Flyer,STARFLYER,Japan,Y
SFL,,Southflight Aviation,SOUTHFLIGHT,New Zealand,N
SFN,,Safiran Airlines,SAFIRAN,Iran,N
SFP,,Safe Air,SAFE AIR,Pakistan,N
SFR,FA,Safair,CARGO,South Africa,N
SFS,,Southern Frontier Air Transport,SOUTHERN FRONTIER,Canada,N
SFT,,Skyfreight,SKYFREIGHT,United States,N
SFU,,Solent Flight,SAINTS,United Kingdom,N
SFX,,S.K. Logistics,SWAMP FOX,United States,N
SGB,,Sky King,SONGBIRD,United States,N
SGC,,Southern Right Air Charter,SOUTHERNRIGHT,South Africa,N
SGD,,Sky Gate International Aviation,AIR BISHKEK,Kyrgyzstan,N
SGF,,STAC Swiss Government Flights,STAC,Switzerland,N
SGH,,Servisair,SERVISAIR,United Kingdom,N
SGI,,Servicios Aereos Agricolas,SERAGRI,Chile,N
SGK,,Skyward Aviation,SKYWARD,Canada,N
SGM,,Sky Aircraft Service,SIGMA,Netherlands,N
SGN,,Siam GA,SIAM,Thailand,N
SGP,,Sagolair Transportes Ejecutivos,SAGOLAIR,Spain,N
SGS,,Saskatchewan Government Executive Air Service,SASKATCHEWAN,Canada,N
SGT,,Skygate,SKYGATE,Netherlands,N
SGU,,Samgau,RAUSHAN,Kazakhstan,N
SGX,,Saga Airlines,,Turkey,N
SGY,N5,Skagway Air Service,SKAGWAY AIR,United States,Y
SHB,,Shabair,SHABAIR,Democratic Republic of the Congo,N
SHC,,Sky Harbor Air Service,SKY HARBOR CHEYENNE,United States,N
SHD,,Sahara Airlines,,Algeria,Y
SHE,,Shell Aircraft,SHELL,United Kingdom,N
SHG,,Shoprite Group,SHOP AIR,United Kingdom,N
SHI,,Seoul Air International,SEOUL AIR,Republic of Korea,N
SHJ,,Sharjah Ruler's Flight,SHARJAH,United Arab Emirates,N
SHK,,Shorouk Air,,Egypt,N
SHL,,Samson Aviation,SAMSON,United Kingdom,N
SHM,,Sheltam Aviation,SHELTAM,South Africa,N
SHN,,Shaheen Airport Services,SUGAR ALFA,Pakistan,N
SHO,,Sheremetyevo-Cargo,,Russia,N
SHP,,Service Aerien Francais,SAF,France,N
SHQ,,Shanghai Airlines Cargo,SHANGHAI CARGO,China,N
SHR,,Shooter Air Courier,SHOOTER,Canada,N
SHS,,Shura Air Transport Services,SHURA AIR,Ethiopia,N
SHU,,Sakhalinskie Aviatrassy (SAT),SATAIR,Russia,N
SAT,SP,SATA Air Acores,SATA,Portugal,Y
SHV,,Shavano Air,SHAVANO,United States,N
SHW,,Shawnee Airline,SHAWNEE,United States,N
SHX,,Slim Aviation Services,SLIM AIR,Nigeria,N
SHY,,Sky Airlines,ANTALYA BIRD,Turkey,N
SIA,SQ,Singapore Airlines,SINGAPORE,Singapore,Y
SIB,5M,Sibaviatrans,SIBAVIA,Russia,Y
SIE,,Sierra Express,SEREX,United States,N
SIH,SI,Skynet Airlines,BLUEJET,Ireland,Y
SIJ,,Seco International,,Japan,N
SIL,,Servicios Aeronauticos Integrales,SERVICIOS INTEGRALES,Mexico,N
SIM,,Star Air,,Sierra Leone,N
SIO,,Sirio,SIRIO,Italy,N
SIR,,Salair,SALAIR,United States,N
SIS,,Saber Airlines,,Egypt,N
SIT,XS,SITA,,Belgium,N
SIV,,Slovenian Armed Forces,SLOVENIAN,Slovenia,N
SIW,,Sirio Executive,SIRIO EXECUTIVE,Italy,N
SJA,,Servicios Aereos Especiales De Jalisco,SERVICIOJAL,Mexico,N
SJC,,Servicios Ejecutivos Continental,SERVIEJECUTIVO,Mexico,N
SJE,,Sunair 2001,SUNBIZ,South Africa,N
SJJ,,Spirit Aviation,SPIRIT JET,United States,N
SJL,,Servicios Especiales Del Pacifico Jalisco,SERVICIOS JALISCO,Mexico,N
SJT,,Swiss Jet,SWISS JET,Switzerland,N
SJY,SJ,Sriwijaya Air,SRIWIJAYA,Indonesia,Y
SMY,ZS,Sama Airlines,NAJIM,Saudi Arabia,Y
ALC,,Southern Jersey Airways,Inc.,ACOM,N
SPS,,SPASA,SALDUERO,Spain,N
SPT,,Speed Aviation,SPEED AVIATION,Bangladesh,N
SPU,,Southeast Airmotive,SPUTTER,United States,N
SPV,,Servicios Privados De Aviacion,SERVICIOS PRIVADOS,Mexico,N
SPW,,Speedwings,SPEEDWING,Switzerland,N
SPX,,Service People Gesselschaft fur Charter und Service,,Germany,N
SQA,,Slovak National Aeroclub,SLOVAK AEROCLUB,Slovakia,N
SQC,SQ,Singapore Airlines Cargo,SINGCARGO,Singapore,Y
SQF,,Slovak Air Force,SLOVAK AIRFORCE,Slovakia,N
SQL,,Servicos De Alquiler,ALQUILER,Mexico,N
SRA,,Sair Aviation,SAIR,Canada,N
SRC,,Searca,SEARCA,Colombia,N
SRH,FT,Siem Reap Airways,SIEMREAP AIR,Cambodia,Y
SRK,SX,Sky Work Airlines,SKYFOX,Switzerland,N
SRL,SM,Swedline Express,Starline,Sweden,N
SRL,,Servicios Aeronauticos Aero Personal,SERVICIOS PERSONAL,Mexico,N
SRN,,Sirair,SIRAIR,Russia,N
SRO,,Servicios Aereos Ejecutivos Saereo,SAEREO,Ecuador,N
SRQ,DG,South East Asian Airlines,SEAIR,Philippines,Y
SRR,,Star Air,WHITESTAR,Denmark,N
SRS,,Selkirk Remote Sensing,PHOTO CHARLIE,Canada,N
SRU,,Star Up,STAR-UP,Peru,N
SRW,,Sarit Airlines,SARIA,Sudan,N
SRX,,Sierra Expressway Airlines,SIERRA EX,United States,N
SRZ,,Strato Air Services,STRATO,South Africa,N
SSB,,Sasair,SASIR,Canada,N
SSC,,Southern Seaplane,SOUTHERN SKIES,United States,N
SSD,,Star Service International,STAR SERVICE,France,N
SSE,,Servicios Aereos Sunset,SUNSET,Mexico,N
SSF,,Severstal,SEVERSTAL,Russia,N
SSG,,Slovak Government Flying Service,SLOVAK GOVERNMENT,Slovakia,N
BBB,VD,SwedJet Airways,BLACKBIRD,Sweden,N
SSK,,Skystar International,SKYSTAR,United States,N
SSO,,Special Scope Limited,DOPE,United Kingdom,N
SSP,,Starspeed,STARSPEED,United Kingdom,N
SSQ,,Sunstate Airlines,SUNSTATE,Australia,N
SSS,,SAESA,SAESA,Spain,N
SST,,Sunwest Airlines,SUNFLIGHT,Canada,N
SSU,,SASCA,SASCA,Venezuela,N
SSV,5G,Skyservice Airlines,SKYTOUR,Canada,Y
SSW,,Streamline Aviation,STREAMLINE,United Kingdom,N
SSY,,Sky Aviation,SIERRA SKY,Sierra Leone,N
SSZ,,Specsavers Aviation,SPECSAVERS,United Kingdom,N
STA,,Star Aviation,STAR,United Kingdom,N
STB,,Status-Alpha Airline,STATUS-ALPHA,Ukraine,N
STC,,Stadium City Limited,STADIUM,United Kingdom,N
STD,,Servicios De Aerotransportacion De Aguascalientes,AERO AGUASCALINETES,Mexico,N
STE,,Semitool Europe,SEMITRANS,United Kingdom,N
STF,,SFT-Sudanese Flight,,Sudan,N
STG,,Sedalia,Marshall,Boonville Stage Line,N
STH,,South-Airlines,,Armenia,N
STI,,Sontair,SONTAIR,Canada,N
STJ,,Sella Aviation,STELLAVIA,Netherlands,N
STL,,Stapleford Flight Centre,STAPLEFORD,United Kingdom,N
STO,,Streamline Ops,SLOPS,Russia,N
STQ,,Star Air,STERA,Indonesia,N
STU,FS,Servicios de Transportes A,FUEGUINO,Argentina,Y
STU,,Star African Air,STARSOM,Somali Republic,N
STV,,Southern Aviation,SOUTHERN AVIATION,Ghana,N
STW,,South West Air Corporation,SIERRA WHISKEY,Philippines,N
STX,,Stars Away Aviation,STARSAWAY,South Africa,N
STY,,Styrian Airways,STYRIAN,Austria,N
SUA,,Silesia Air,AIR SILESIA,Czech Republic,N
SUB,,Suburban Air Freight,SUB AIR,United States,N
SUD,SD,Sudan Airways,SUDANAIR,Sudan,Y
SUF,PI,Sun Air (Fiji),SUNFLOWER,Fiji,N
SUG,,Sunu Air,SUNU AIR,Senegal,N
SUH,,Sun Light,LIGHT AIR,Kyrgyzstan,N
SUI,,Swiss Air Force,SWISS AIR FORCE,Switzerland,N
SUK,,Superior Aviation Services,SKYCARGO,Kenya,N
SUM,,State Unitary Air Enterprise,SUMES,Russia,N
SUR,,Sun Air,,Egypt,N
SUS,EZ,Sun Air of Scandinavia,SUNSCAN,Denmark,N
SUT,,Sistemas Aeronauuticos 2000,SISTEMAS AERONAUTICOS,Mexico,N
SUU,,Star West Aviation,SUNSTAR,United States,N
SUV,,Sundance Air,DANCEAIR,Venezuela,N
SVA,SV,Saudi Arabian Airlines,SAUDIA,Saudi Arabia,Y
SVD,,St. Vincent Grenadines Air (1990),GRENADINES,Saint Vincent and the Grenadines,N
SVF,,Swedish Armed Forces,SWEDEFORCE,Sweden,N
AWJ,,Sahel Airlines,SAHEL AIRLINES,Niger,N
SVH,,Sterling Helicopters,SILVER,United Kingdom,N
SVI,,Servicios De Transporte Aereo,SETRA,Mexico,N
APD,,Sabre Pacific,,Australia,N
SVJ,,Silver Air,,Djibouti,N
SVL,,Sevastopol-Avia,SEVAVIA,Ukraine,N
SVN,,Savanair (Angola),SAVANAIR,Angola,N
SVO,,Servicios Aeronauticos De Oriente,SERVIORIENTE,Mexico,N
SVS,,Servicios Aereos Saar,AEREOS SAAR,Mexico,N
SVT,,Seven Four Eight Air Services,SIERRA SERVICES,Luxembourg,N
SVX,,Security Aviation,SECURITY AIR,United States,N
SWA,WN,Southwest Airlines,SOUTHWEST,United States,Y
SWB,,Swissboogie Parapro,SWISSBOOGIE,Switzerland,N
SWC,,South West Air,SAINT CLAIR,Canada,N
SWD,A4,Southern Winds Airlines,SOUTHERN WINDS,Argentina,Y
SWE,,Swedeways,SWEDELINE,Sweden,N
ASL,,Spurling Aviation,AIR SEATTLE,United States,N
SWG,WG,Sunwing Airlines,SUNWING,Canada,N
SWI,,Sunworld Airlines,SUNWORLD,United States,N
SWJ,,Stateswest Airlines,STATES,United States,N
SWO,,Surninam International Victory Airline,SIVA,Suriname,N
SWP,,Star Work Sky,STAR WORK,Italy,N
SWQ,,Swift Air (Interstate Equipment Leasing),SWIFTFLIGHT,United States,N
SWR,LX,Swiss International Air Lines,SWISS,Switzerland,Y
SWR,SR,Swissair,Swissair,Switzerland,Y
SWS,,Sunwest Aviation (Lindquist Investment),SUNNY WEST,United States,N
SWT,,Swiftair,SWIFT,Spain,N
SWU,,Swiss European Air Lines,EUROSWISS,Switzerland,Y
SWV,WV,Swe Fly,FLYING SWEDE,Sweden,Y
SWW,S8,Shovkoviy Shlyah,WAY AERO,Ukraine,N
SWX,,Swazi Express Airways,SWAZI EXPRESS,Swaziland,N
SWY,,Sky Jet,SWISSLINK,Switzerland,N
SWZ,,Servair,Private Charter,SWISSBIRD,N
SXA,,Southern Cross Aviation,FERRY,United States,N
SXC,,Sky Exec Aviation Services,SKY EXEC,Nigeria,N
SXE,,Southeast Express Airlines,DOGWOOD EXPRESS,United States,N
SXM,,Servicios Aereos Sepecializados Mexicanos,SERVIMEX,Mexico,N
SXS,XQ,SunExpress,SUNEXPRESS,Turkey,Y
SXT,,Servicios De Taxi Aereo,SERTA,Mexico,N
SXX,,Satellite Aero,SATELLITE EXPRESS,United States,N
SXY,,Safari Express Cargo,SAFARI EXPRESS,Kenya,N
SYA,,Skyways,LINEAS CARDINAL,Argentina,N
SYC,,Systec 2000,SYSTEC,United States,N
SYE,,Sheba Aviation,,Yemen,N
SYF,,Sky One Express Airlines,SKY FIRST,United States,N
SYG,,Synergy Aviation,SYNERGY,United Kingdom,N
SYI,,Sonalysts,,United States,N
SYJ,,Slate Falls Airways,,Canada,N
SYK,,Satsair,AEROCAB,United States,N
SYN,,Syncrude Canada,SYNCRUDE,Canada,N
SYR,RB,Syrian Arab Airlines,SYRIANAIR,Syrian Arab Republic,Y
SYS,,Shawbury Flying Training Unit,SHAWBURY,United Kingdom,N
SYV,,Special Aviation Systems,SPECIAL SYSTEM,United States,N
SYX,AL,Skywalk Airlines,SKYWAY-EX,United States,Y
AZQ,ZP,Silk Way Airlines,SILK LINE,Azerbaijan,N
SYY,,South African Historic Flight,SKY COACH,South Africa,N
SZT,,Servicios Aeronauticos Z,AERO ZEE,Mexico,N
BHV,,Specavia Air Company,AVIASPEC,Russia,N
BLY,,Starair,BLARNEY,Ireland,N
BNC,,Sundance Air,BARNACLE AIR,United States,N
BRZ,E5,Samara Airlines,BERYOZA,Russia,N
BVV,,Spark+ Joint-Stock Company,SPARK,Russia,N
CBN,,Swedish Civil Aviation Administration,CALIBRATION,Sweden,N
CDG,SC,Shandong Airlines,SHANDONG,China,Y
CDS,,Spectrem Air,SPECDAS,South Africa,N
CEE,,Servicios Aereos Centrales,CENTRA AEREOS,Mexico,N
CFL,,Swedish Airlines,SWEDISH,Sweden,N
CGL,,Seagle Air,SEAGLE,Slovakia,N
CIG,,Sirius-Aero,SIRIUS AERO,Russia,N
CNK,,Sunwest Home Aviation,CHINOOK,Canada,N
CNO,,SAS Braathens,SCANOR,Norway,Y
CQH,9S,Spring Airlines,AIR SPRING,China,Y
CSC,3U,Sichuan Airlines,SI CHUAN,China,Y
CSH,FM,Shanghai Airlines,SHANGHAI AIR,China,Y
CSY,,Shuangyang General Aviation,SHUANGYANG,China,N
CSZ,ZH,Shenzhen Airlines,SHENZHEN AIR,China,Y
CXI,8C,Shanxi Airlines,SHANXI,China,N
DKT,,Sioux Falls Aviation,DAKOTA,United States,N
DKY,,Servicios Aereos Elite,DAKOY,Spain,N
DNI,,Servicios Aereos Denim,AERO DENIM,Mexico,N
EAB,,Swiss Eagle,SWISS EAGLE,Switzerland,N
EAN,,Skypower Express Airways,NIGERIA EXPRESS,Nigeria,N
ENR,,Scenic Air,,Namibia,N
ERO,7L,Sun D'Or,ECHO ROMEO,Israel,Y
ESK,NE,SkyEurope,RELAX,Slovakia,Y
EXL,CQ,Sunshine Express Airlines,,Australia,N
EXY,,South African Express,EXPRESSWAYS,South Africa,N
FFD,,Stuttgarter Flugdienst,FIRST FLIGHT,Germany,N
FFH,,Shalom Air Services,PEACE AIR,Nigeria,N
FJE,,Silverjet,ENVOY,United Kingdom,N
FLH,,Sky Bus,MILE HIGH,United States,N
GAD,,South Coast Aviation,SOUTHCOAST,United Kingdom,N
GDE,,Servicios Aereos Gadel,GADEL,Mexico,N
GDG,,S.P. Aviation,GOLDEN GATE,United States,N
GIK,,Seba Airlines,SEBA,Guinea,N
GNA,,Servicios Aereos Gana,SERVIGANA,Mexico,N
GSW,,Sky Wings Airlines,,Greece,N
GXL,,Star XL German Airlines,STARDUST,Germany,N
HAU,,Skyhaul,SKYHAUL,Japan,N
HIP,,Starship,STARSA,Mexico,N
HJE,,Servicios Ejecutivos Gosa,GOSA,Mexico,N
HKA,SO,Superior Aviation,SPEND AIR,United States,N
HLO,,Samaritan Air Service,HALO,Canada,N
HRI,,Skyraidybos Mokymo Centras,HELIRIM,Lithuania,N
HSK,,Sky Europe Airlines,MATRA,Slovakia,Y
HSV,,Svenska Direktflyg,HIGHSWEDE,Sweden,N
HSY,,Sky Helicopteros,HELISKY,Spain,N
IGA,,Skytaxi,IGUANA,Poland,N
IJS,,Silvair,,United States,N
ILS,,Servicios Aereos Ilsa,SERVICIOS ILSA,Mexico,N
INK,,Sincom-Avia,SINCOM AVIA,Ukraine,N
IRV,,Safat Airlines,SAFAT AIR,Iran,N
IRZ,,Saha Airlines Services,SAHA,Iran,N
JAM,,Sunline Express,SUNTRACK,Kenya,N
JCM,,Secure Air Charter,SECUREAIR,United States,N
JIM,,Sark International Airways,SARK,United Kingdom,N
JKK,JK,Spanair,SPANAIR,Spain,Y
KKS,,Salem,KOKSHE,Kazakhstan,N
KOP,,Servicios Aereos Copters,COPTERS,Chile,N
KSP,,Servicios Aereos Expecializados En Transportes Petroleros,SAEP,Colombia,N
KYB,,Skybridge Airops,SKY AIROPS,Italy,N
KYR,,Sky Aeronautical Services,SKY AERONAUTICAL,Mexico,N
LGU,,Servicios Aereos Ejecutivos De La Laguna,LAGUNA,Mexico,N
LLA,,Servico Leo Lopex,LEO LOPOZ,Mexico,N
LLS,,Servicios Aereos Estrella,SERVIESTRELLA,Mexico,N
LMG,,South African Air Force,SOUTH AFRICAN,South Africa,N
LMO,,Sky Limo Corporation,SKY LIMO,United States,N
LRS,,SANSA,,Costa Rica,N
LSP,,Spectrum Aviation Incorporated,AIR TONY,United Kingdom,N
MCG,,SOS Helikoptern Gotland,MEDICOPTER,Sweden,N
MDT,,Sundt Air,MIDNIGHT,Norway,N
MLO,,Servicios Aereos Milenio,MILENIO,Mexico,N
MMS,,SAAD (A320) Limited,MUSAAD AIR,Cayman Islands,N
MRI,,Servicios Aereos Moritani,MORITANI,Mexico,N
MRR,2G,San Juan Airlines,MARINER,United States,N
MSG,,Servico Aereo Regional,SAR-REGIONAL,Mozambique,N
MSP,,Servicio De Viglancia Aerea Del Ministerio De Seguridad Publica,SEGURIDAD,Costa Rica,N
MTG,,Servicios Aereos MTT,,Mexico,N
NAD,,Seulawah Nad Air,SEULAWAH,Indonesia,N
NAZ,,Servicios Aereos del Nazas SA de CV,NAZAS,Mexico,N
NCS,,Simpson Air Ltd,COMMUTER-CANADA,Canada,N
NKS,NK,Spirit Airlines,SPIRIT WINGS,United States,Y
NON,,Servicios Aereos Latinoamericanos,SERVICIOS LATINO,Mexico,N
NRZ,,Servicios Aereos Monarrez,MONARREZ,Mexico,N
NSC,,Societe De Transport Aerien De Mauritanie,TRANS-SOCIETE,Mauritania,N
NSE,9R,SATENA,SATENA,Colombia,Y
NTB,,Servicios Aereos Del Norte,SERVINORTE,Mexico,N
NTG,,Servicios Intergrales De Aviacion,INTERGRALES,Mexico,N
OKS,S0,Slok Air Gambia,SLOK GAMBIA,Gambia,N
OKT,,Soko Aviation,SOKO AIR,Spain,N
OLC,,Solar Cargo,SOLARCARGO,Venezuela,N
OLO,,Soloflight,SOLO,United Kingdom,N
ONG,,Sonnig SA,SONNIG,Switzerland,N
OSL,SO,Sosoliso Airlines,SOSOLISO,Nigeria,N
OSS,,Servicios Aereos Noticiosos,NOTICIOSOS,Mexico,N
OTL,,South Airlines,SOUTHLINE,Ukraine,N
OZW,,Skywest Airlines,OZWEST,Australia,Y
PIV,,Sokol,AEROSOKOL,Russia,N
PLT,,South Carolina Aeronautics Commission,PALMETTO,United States,N
PMR,,Servicios Aereos Premier,SERVICIOS PREMIER,Mexico,N
PNS,,Survey Udara (Penas),PENAS,Indonesia,N
POB,,Servicios Aereos Poblanos,POBLANOS,Mexico,N
PSV,,Servicios Aereos Profesionales,PROSERVICIOS,Dominican Republic,N
PTM,,Southeastern Airways,POSTMAN,United States,N
PUR,,Spurwing Airlines,SPURWING,South Africa,N
PZR,1I,Sky Trek International Airlines,PHAZER,United States,N
RBW,,Shandong Airlines Rainbow Jet,CAI HONG,China,N
REJ,,SA Airlink Regional,REGIONAL LINK,South Africa,N
RER,,Servicio Aereo Regional Regair,REGAIR,Ecuador,N
RFT,,Scoala Superioara De Aviatie Civila,ROMANIAN ACADEMY,Romania,N
RGC,,Servicios Aereos Regiomontanos,REGIOMONTANO,Mexico,N
RLS,,S-Air,S-AIRLINES,Russia,N
RMP,,Servicios De Rampa Y Mostrador,SERAMSA,Mexico,N
RSE,,SNAS Aviation,RED SEA,Saudi Arabia,N
SKB,SX,Skybus Airlines,SKYBUS,United States,N
SKC,,Skymaster Air Lines,SKYMASTER AIR,United States,N
SKD,,Sky Harbor Air Service,SKY DAWG,United States,N
SKE,,Sky Tours,SKYISLE,United States,N
AZG,,Sakaviaservice,SAKSERVICE,Georgia,N
SKF,,Skycraft,SKYCRAFT,United States,N
SKG,,Skycraft Air Transport,SKYCRAFT-CANADA,Canada,N
SKI,,Skyking,SKYKING,United Kingdom,N
SKI,RU,SkyKing Turks and Caicos Airways,SKYKING,Turks and Caicos Islands,N
SKK,,Skylink Aviation,SKYLINK,Canada,N
SKL,,Skycharter (Malton),SKYCHARTER,Canada,N
SKN,,Skyline Aviation Services,SKYLINER,United States,N
SKO,,Scottish Airways Flyers,SKYWORK,United Kingdom,N
SKR,,Skyscapes Air Charters,SKYSCAPES,South Africa,N
SKS,,Sky Service,SKY SERVICE,Belgium,N
BBR,S3,Santa Barbara Airlines,SANTA BARBARA,Venezuela,Y
SKT,,Skystar Airways,SKY YOU,Thailand,N
SKU,H2,Sky Airline,AEROSKY,Chile,Y
SKW,OO,SkyWest,SKYWEST,United States,Y
SKX,JZ,Skyways Express,SKY EXPRESS,Sweden,Y
SKY,BC,Skymark Airlines,SKYMARK,Japan,Y
SKZ,,Skyway Enterprises,SKYWAY-INC,United States,N
SLA,LJ,Sierra National Airlines,SELAIR,Sierra Leone,N
SLB,,Slok Air,SLOK AIR,Nigeria,N
SLD,,Silver Air,SILVERLINE,Czech Republic,N
SLE,,Streamline,SLIPSTREAM,South Africa,N
SLF,,Starfly,ELISTARFLY,Italy,N
SLG,,Saskatchewan Government,LIFEGUARD,Canada,N
SLH,,Silverhawk Aviation,SILVERHAWK,United States,N
AGE,,Servicios Aereos de Los Angeles,AEROANGEL,Mexico,N
SLK,MI,SilkAir,SILKAIR,Singapore,Y
SLL,6Q,Slovak Airlines,SLOV LINE,Slovakia,N
SLM,PY,Surinam Airways,SURINAM,Suriname,Y
SLN,,Sloane Aviation,SLOANE,United Kingdom,N
SLP,,Salpa Aviation,SALPA,Sudan,N
SLS,,Servicios Aereos Slainte,SERVICIOS SLAINTE,Mexico,N
SLV,,Stella Aviation,AVISTELLA,Mauritania,N
SLW,,Salama Airlines Nigeria,SALMA AIR,Nigeria,N
SLX,,Sete Linhas Aereas,SETE,Brazil,N
SLY,,Sky Line for Air Services,SKYCO,Sudan,N
SLZ,,Super Luza,LUZA,Angola,N
SMA,,SMA Airlines,SESAME,Nigeria,N
SMC,,Sabang Merauke Raya Air Charter,SAMER,Indonesia,N
SMD,,Servicios Aereos La Marquesa,SERVICIOS MARQUESA,Mexico,N
SME,,Semos,SEMICH,Kazakhstan,N
SMF,,Smalandsflyg,GORDON,Sweden,N
SMH,,Smithair,SMITHAIR,United States,N
SMK,,Semeyavia,ERTIS,Kazakhstan,N
SML,,Smith Air (1976),SMITH AIR,Canada,N
SMM,,Summit Airlines,SUMMIT-AIR,United States,N
SMQ,,Samar Air,SAMAR AIR,Tajikistan,N
SMR,,Somon Air,SOMON AIR,Tajikistan,N
SMT,,Skyline,SKYLIMIT,Nigeria,N
AOS,,Servicios Aerecs Del Sol,S.A. de C.V.,AEROSOL,N
SNA,,Senator Aviation Charter,SENATOR,Germany,N
SNB,NB,Sterling Airlines,STERLING,Denmark,Y
SNE,,Servicios Aereos De Nicaragua (SANSA),SANSA,Nicaragua,N
SNF,,Shans Air,SHANS AIR,Russia,N
SNH,,Senair Services,SENSERVICE,Senegal,N
SNI,,Savanah Airlines,SAVANAHLINE,Nigeria,N
SNJ,6J,Skynet Asia Airways,NEWSKY,Japan,Y
SNK,,Southeast Airlines (Sun Jet International),SUN KING,United States,N
SNL,,Soonair Lines,SOONAIR,United States,N
SNM,,Servizi Aerei,SERVIZI AEREI,Italy,N
SNP,,Sun Pacific International,SUN PACIFIC,United States,N
SNQ,,Sun Quest Executive Air Charter,EXECU-QUEST,United States,N
SNS,,Societe Centrafricaine De Transport Aerien,,Central African Republic,N
SNT,,Suncoast Aviation,SUNCOAST,United States,N
SNU,,Snunit Aviation,,Israel,N
SNV,,Sudanese States Aviation,SUDANESE,Sudan,N
SNW,,Sun West Airlines,SUN WEST,United States,N
SNX,,Sun Air Aviation Services,SUNEX,Canada,N
SOB,,Stabo Freight,STABO,Zambia,N
SOC,,Southern Cargo Air Lines,,Russia,N
SOH,,Southern Ohio Aviation Sales,SOUTHERN OHIO,United States,N
SOI,,Southern Aviation,SOAVAIR,Zambia,N
SOL,IE,Solomon Airlines,SOLOMON,Solomon Islands,Y
SOM,,Somali Airlines,SOMALAIR,Somali Republic,N
SON,,Sunshine Air Tours,SUNSHINE TOURS,United States,N
SOO,,Southern Air,SOUTHERN AIR,United States,N
SOP,,Solinair,SOLINAIR,Slovenia,N
SOR,,Sonair Servico Aereo,SONAIR,Angola,N
SOT,,Southeast Correct Craft,SOUTH COURIER,United States,N
SOU,,Southern Airways,SOUTHERN EXPRESS,United States,Y
SOV,6W,Saratov Aviation Division,SARATOV AIR,Russia,Y
SOW,,Sowind Air,SOWIND,Canada,N
SOX,,Solid Air,SOLIDAIR,Netherland,N
SOZ,HZ,Sat Airlines,SATCO,Kazakhstan,Y
SPA,,Sierra Pacific Airlines,SIERRA PACIFIC,United States,N
SPB,,Springbok Classic Air,SPRING CLASSIC,South Africa,N
SPC,,Skyworld Airlines,PORT,United States,N
SPE,,Sprague Electric Company,SPRAGUE,United States,N
SPF,,Space World Airline,SPACE WORLD,Nigeria,N
SPG,,Springdale Air Service,SPRING AIR,United States,N
SPH,,Sapphire Executive Air,SAPPHIRE-CHARTER,South Africa,N
SPI,,South Pacific Island Airways,SOUTH PACIFIC,United States,Y
SPL,,Servicios Corporativos Aereos De La Laguna,CORPORATIVOS LAGUNA,Mexico,N
SPN,,Skorpion Air,AIR SKORPIO,Bulgaria,N
SPP,,Sapphire Aviation,SAPPHIRE,United States,N
SPQ,,Servicios Aereos Palenque,SERVICOS PALENQUE,Mexico,N
TBS,,Servicios Aereos Tribasa,TRIBASA,Mexico,N
TCF,S5,Shuttle America,MERCURY,United States,Y
TGT,,SAAB Nyge Aero,TARGET,Sweden,N
THB,,Spark Air,THAI SABAI,Thailand,N
TIH,,S C Ion Tiriac,TIRIAC AIR,Romania,N
TRL,,Starlite Aviation,STARSTREAM,South Africa,N
TRN,,Servicios Aereos Corporativos,AEROTRON,Mauritania,N
TTM,,Societe Tout Tranport Mauritanien,TOUT-AIR,Mauritania,N
TZU,,Servicios Aereos Tamazula,TAMAZULA,Mexico,N
UGP,,Shar Ink,SHARINK,Russia,N
UKU,,Second Sverdlovsk Air Enterprise,PYSHMA,Russia,N
UNT,,Servicios Aereos Universitarios,UNIVERSITARIO,Mexico,N
USK,,Skif-Air,SKIF-AIR,Ukraine,N
USN,,Smarkand Aero Servise,SAMAS,Uzbekistan,N
UZS,,Samarkand Airways,SOGDIANA,Uzbekistan,N
VDO,,Servicios Aereos Avandaro,AVANDARO,Mexico,N
VGS,,Stichting Vliegschool 16Hoven,SMART,Netherlands,N
VRB,,Silverback Cargo Freighters,SILVERBACK,Rwanda,N
VRS,,Sirvair,VAIRSA,Mexico,N
VSV,DV,Scat Air,VLASTA,Kazakhstan,Y
VXN,,Sunset Aviation,VIXEN,United States,N
WCC,,Sport Air Travel,WEST COAST,United States,N
WFC,,Swift Copters,SWIFTCOPTERS,Switzerland,N
WLK,,Skyrover CC,SKYWATCH,South Africa,N
XLK,,Safarilink Aviation,SAFARILINK,Kenya,N
XMX,,SENEAM,SENEAM,Mexico,N
XPG,,Southport Air Service,,United States,N
XSA,,Spectrum Air Service,,United States,N
XSN,,Stephenville Aviation Services,,Canada,N
XTA,,Servicios Aereos Textra,TEXTRA,Mexico,N
XTR,,Sector Airlines,EXTER,Canada,N
XXS,,Skyplan Services,,Canada,N
YBE,,Stewart Aviation Services,YELLOW BIRD,United States,N
FYA,,Servicios Aereos Integrales / Flyant,FLYANT,Spain,N
UFA,,State Flight Academy of Ukraine,FLIGHT ACADEMY,Ukraine,N
SWL,,Trans Jet Airways,TRANSJET,Sweden,N
TAC,,Turbot Air Cargo,TURBOT,Senegal,N
TAD,,Tranporte Aereo Dominicano,TRANS DOMINICAN,Dominican Republic,N
TAE,EQ,TAME,TAME,Ecuador,Y
BAP,,Trans International Express Aviation,BIG APPLE,United States,N
TAG,,TAG Aviation USA,TAG U-S,United States,N
TAL,,Talair,TALAIR,Papua New Guinea,N
TAM,JJ,TAM Brazilian Airlines,TAM,Brazil,Y
AUC,,Transaustralian Air Express,AUSCARGO,Australia,N
TAP,TP,TAP Portugal,AIR PORTUGAL,Portugal,Y
TAR,TU,Tunisair,TUNAIR,Tunisia,Y
TAU,,Transportes Aereos Tauro,TRANSTAURO,Mexico,N
TAX,,Travelair,TRAVELAIR,Germany,N
TAY,3V,TNT Airways,QUALITY,Belgium,N
TBA,,Transbrasil,TRANSBRASIL,Brazil,N
TBC,,Turbine Air Cargo UK,,United Kingdom,N
TBD,,Thunderbird Tours,ORCA,Canada,N
TBG,M7,Tropical Airways,,Haiti,N
TBH,,Trinity Air Bahamas,,Bahamas,N
TBI,,TAB Express International,TAB INTERNATIONAL,United States,N
TBM,,Taban Air Lines,TABAN AIR,Iran,N
TBN,,Teebah Airlines,TEEBAH,Sierra Leone,N
TBR,,Tubelair,TUBELAIR,Tunisia,N
TBX,,Tobago Express,TABEX,Trinidad and Tobago,N
TCA,,Tropican Air Services,TROPICANA,Egypt,N
TCB,,Transporte del Caribe,TRANSCARIBE,Colombia,N
TCC,,Trans Continental Airlines,TRANSCAL,Sudan,N
TCD,,Tchad Airlines,TCHADLINES,Chad,N
TCE,,Trans-Colorado Airlines,TRANS-COLORADO,United States,N
TCG,T2,Thai Air Cargo,THAI CARGO,Thailand,Y
TCH,,Transcontinental Air,TRANS GULF,Bahrain,N
TCM,,Teledyne Continental Motors,TELEDYNE,United States,N
TCN,,Trans Continental Airlines,TRANSCON,United States,N
TCP,,Transcorp Airways,TRANSCORP,United Kingdom,N
TCT,,Transcontinental Sur,TRANS-CONT,Uruguay,N
TCU,,Transglobal Airways Corporation,TRANSGLOBAL,Philippines,N
TCW,FQ,Thomas Cook Airlines,THOMAS COOK,Belgium,Y
TCX,MT,Thomas Cook Airlines,KESTREL,United Kingdom,Y
TCY,,Twin Cities Air Service,TWIN CITY,United States,N
TDC,,Tadair,TADAIR,Spain,N
TDE,,Tellavia / Flight One,TELLURIDE,United States,N
TDI,,Transportes Aereos de Ixtlan,TRANSIXTLAN,Mexico,N
TDM,TQ,Tandem Aero,TANDEM,Moldova,N
TDO,,TRADO,TRADO,Dominican Republic,N
TDR,,Trade Air,TRADEAIR,Croatia,N
TDV,,Taxi Aero Nacional Del Evora,TAXI EVORA,Mexico,N
TDX,,Tradewinds Airlines,TRADEWINDS EXPRESS,United States,N
TEB,,Tenir Airlines,TENIR AIR,Kyrgyzstan,N
TLW,L9,Teamline Air,Teamline,Austria,N
TEF,,Tecnicas Fotograficas,TECFOTO,Spain,N
TEH,,Tempelhof Airways,TEMPELHOF,United States,N
TEL,,Telford Aviation,TELFORD,United States,N
TEM,,Tech-Mont Helicopter Company,TECHMONT,Slovakia,N
TEN,,Tennessee Airways,TENNESSEE,United States,N
TER,,Territorial Airlines,TERRI-AIRE,United States,N
TES,,TAES Transportes Aereos de El Salvador,TAES,El Salvador,N
TEP,UE,Transeuropean Airlines,TRANSEURLINE,Russia,N
TET,,Tepavia-Trans Airlines,TEPAVIA,Moldova,N
TFA,,Trans-Florida Airlines,TRANS FLORIDA,United States,N
TFB,,Tair Airways,ROYAL TEE-AIR,Philippines,N
TFF,,Talon Air,TALON FLIGHT,United States,N
AIM,,Trabajos Aereos Murcianos,PIJO,Spain,N
TFH,,Thai Flying Helicopter Service,THAI HELICOPTER,Thailand,N
TFI,,Transport Facilitators,,United States,N
TFK,,Transafrik International,,Sao Tome and Principe,N
TFO,,Transportes Aereos del Pacifico,TRANSPORTES PACIFICO,Mexico,N
TFT,,Thai Flying Service,THAI FLYING,Thailand,N
SRF,,Transportes Aereos San Rafael,SAN RAFEAL,Chile,N
TFY,,Tayside Aviation,TAYSIDE,United Kingdom,N
TGC,,TG Aviation,THANET,United Kingdom,N
TGE,,Trabajos Aereos,TASA,Spain,N
TGI,,Transportes Aereos Regionales,TRANSPORTE REGIONAL,Mexico,N
TGM,,TAG Aviation Espana,TAG ESPANA,Spain,N
TGN,,Trigana Air Service,TRIGANA,Indonesia,Y
AWC,ZT,Titan Airways,ZAP,United Kingdom,N
TGO,,Transport Canada,TRANSPORT,Canada,N
TGW,TR,Tiger Airways,GO CAT,Singapore,Y
TGW,TT,Tiger Airways Australia,GO CAT,Australia,Y
TGX,,Transair Gabon],TRANSGABON,Gabon,N
TGY,,Trans Guyana Airways,TRANS GUYANA,Guyana,N
THA,TG,Thai Airways International,THAI,Thailand,Y
THC,,Tar Heel Aviation,TARHEEL,United States,N
THE,,Toumai Air Tchad,TOUMAI AIR,Chad,N
THF,,Touraine Helicoptere,TOURAINE HELICO,France,N
THG,,Thai Global Airline,THAI GLOBAL,Thailand,N
THJ,,Thai Jet Intergroup,THAI JET,Thailand,N
THK,,Turk Hava Kurumu Hava Taksi Isletmesi,HUR KUS,Turkey,Y
AIQ,FD,Thai AirAsia,THAI ASIA,Thailand,Y
THO,,TACA De Honduras,LEMPIRA,Honduras,N
THR,,Tehran Airline,TEHRAN AIR,Iran,N
THU,,Thunder Airlines,AIR THUNDER,Canada,N
THY,TK,Turkish Airlines,TURKAIR,Turkey,Y
THZ,,Trans Helicoptere Service,LYON HELIJET,France,N
TIA,,Trans International Airlines,TRANS INTERNATIONAL,United States,N
TIC,,Travel International Air Charters,TRAVEL INTERNATIONAL,Zambia,N
TIE,,Time Air,TIME AIR,Czech Republic,N
TIK,,Tic Air,TICAIR,Australia,N
TIL,,Tajikistan International Airlines,TIL,Tajikistan,Y
TIM,,TEAM Transportes Aereos,TEAM BRASIL,Brazil,N
TIN,,Taino Tours,TAINO,Dominican Republic,N
TIS,,Tesis,TESIS,Russia,N
TIW,,Transcarga Intl Airways,TIACA,Venezuela,N
TJK,,Tajikair,TAJIKAIR,Tajikistan,N
TJN,,Tien-Shan,NERON,Kazakhstan,N
TJS,,Tyrolean Jet Service,TYROLJET,Austria,N
TJT,T7,Twin Jet,TWINJET,France,Y
TKC,,Tikal Jets Airlines,TIKAL,Guatemala,N
TKE,,Take Air Line,ISLAND BIRD,France,N
TKX,,Tropical International Airways,TROPEXPRESS,Saint Kitts and Nevis,N
TKY,9I,Thai Sky Airlines,THAI SKY,Thailand,N
TLA,,Translift Airways,TRANSLIFT,Ireland,Y
TLF,,Transport Africa,TRANS-LEONE,Sierra Leone,N
TLL,,Trans Atlantic Airlines,ATLANTIC LEONE,Sierra Leone,N
TLO,,Eagle Canyon Airlines,TALON AIR,United States,N
TLP,TD,Tulip Air,TULIPAIR,Netherland,N
TAJ,,Tunisavia,TUNISAVIA,Tunisia,N
TLS,,TLC Air,TEALSY,United States,N
TLT,,Turtle Airways,TURTLE,Fiji,N
TLV,,Travelair,PAJAROS,Uruguay,N
TLX,,Telesis Transair,TELESIS,United States,N
TLY,,Top-Fly,TOPFLY,Spain,N
TMA,TL,Trans Mediterranean Airlines,TANGO LIMA,Lebanon,Y
TMD,,Transmed Airlines,,Egypt,N
TMG,GY,Tri-MG Intra Asia Airlines,TRILINES,Indonesia,N
TMH,,Taxis Turisticos Marakame,TAXIMARAKAME,Mexico,N
TMI,,Tamir Airways,TAMIRWAYS,Israel,N
TMK,,Tomahawk Airways,TOMAHAWK,United States,N
TML,,TAM,TAM AIRLINE,Madagascar,N
TMM,,TMC Airlines,WILLOW RUN,United States,N
TMQ,,TRAM,TRAM AIR,Mauritania,N
TMR,,Timberline Air,TIMBER,Canada,N
TMS,,Temsco Helicopters,TEMSCO,United States,N
TMT,,Trans Midwest Airlines,TRANS MIDWEST,United States,N
TMX,,Tramon Air,TRAMON,South Africa,N
TMY,,Transportes Aereos del Mundo Maya,MUNDO MAYA,Mexico,N
TMZ,,Tranporte Amazonair,TRANS AMAZON,Venezuela,N
TNB,,Trans Air-Benin,TRANS-BENIN,Benin,N
TNE,,Taxis Aereos del Noroeste,TAXINOROESTE,Mexico,N
TNF,,Transafricaine,TRANSFAS,Burkina Faso,N
TNG,,Tennessee Air National Guard 164th Airlift Group,,United States,N
TNI,,Transair International Linhas Aereas,TRANSINTER,United States,N
TNL,,Tengeriyn Ulaach Shine,SKY HORSE,Mongolia,N
TNM,3P,Tiara Air,TIARA,Aruba,Y
TNP,,Transped Aviation,TRANSPED,Austria,N
TNR,,Tanana Air Services,TAN AIR,United States,N
TNT,,Trans North Turbo Air,TRANS NORTH,Canada,N
TNV,,Transnorthern,TRANSNORTHERN,United States,N
TNW,,Trans Nation Airways,TRANS-NATION,Ethiopia,N
TNX,,Trener Ltd,TRAINER,Hungary,N
TNY,,Twin Town Leasing Company,TWINCAL,United States,N
TOB,7T,Tobruk Air,TOBRUK AIR,Libya,N
TOJ,,TOJ Airlines,TOJ AIRLINE,Tajikistan,N
TOL,TI,Tol-Air Services,TOL AIR,United States,N
TOM,BY,Thomsonfly,TOMSON,United Kingdom,Y
TOP,,Top Air,AIR TOP,Turkey,N
TOR,,Toronto Airways,TORONTAIR,Canada,N
TOS,PM,Tropic Air,TROPISER,Belize,Y
TOT,,Totavia,,Canada,N
TOW,FF,Tower Air,TEE AIR,United States,N
TOY,,Toyota Canada,TOYOTA,Canada,N
TPA,QT,TAMPA,TAMPA,Colombia,Y
TPD,,Top Speed,TOP SPEED,Austria,N
TPF,,Taxis Aereos del Pacifico,TAXIPACIFICO,Mexico,N
TPG,,Transportes Aereos Pegaso,TRANSPEGASO,Mexico,N
TPL,,TAR Interpilot,INTERPILOT,Mauritania,N
TPM,,Transpais Aereo,TRANSPAIS,Mexico,N
TPN,,Transportacion Aerea del Norte,AEREA DELNORTE,Mexico,N
TPP,,Transpac Express,TRANS EXPRESS,Australia,N
TPR,,Taxis Aereos De Parral,TAXIS PARRAL,Mexico,N
TPS,,TAPSA Transportes Aereos Petroleros,TAPSA,Argentina,N
TPT,,Transportes Aereo del Sureste,TASSA,Mexico,N
TPU,,Trans American Airlines (Trans Am),TRANS PERU,Peru,N
TPV,,Thai Pacific Airlines Business,THAI PACIFIC,Thailand,N
TPX,,Transportes Aereos De Xalapa,TRANSXALAPA,Mexico,N
TPY,,Trans-Provincial Airlines,TRANS PROVINCIAL,Canada,N
TPZ,,Transportes La Paz,TRANSPAZ,Mexico,N
TQN,,Taquan Air Services,TAQUAN,United States,N
TQR,,Transportacion Aerea De Queretaro,TRANSQUERETARO,Mexico,N
TNA,GE,TransAsia Airways,TransAsia,Taiwan,Y
TRA,HV,Transavia Holland,TRANSAVIA,Netherlands,Y
TRC,,Trans Air Charter,TRACKER,United States,N
TCV,VR,TACV,CABOVERDE,Portugal,Y
TRD,,Trans Island Air,TRANS ISLAND,Barbados,N
TRF,,Taxi Air Fret,TAXI JET,France,N
TRG,,TRAGSA (Medios Aereos),,Spain,N
TRJ,,Trans Euro Air,HIGH TIDE,United Kingdom,N
TRM,,Transport Aerien de Mauritanie,SOTRANS,Mauritania,N
TRO,,Tropic Airlines-Air Molokai,MOLOKAI,United States,N
TRQ,,Turdus Airways,HUNTER,Netherland,N
TRR,,Tramson Limited,TRAMSON,Sudan,N
TRT,,Trans Arabian Air Transport,TRANS ARABIAN,Sudan,N
TRU,,Triangle Airline (Uganda),TRI AIR,Uganda,N
TRW,,Transwestern Airlines of Utah,TRANS-WEST,United States,N
TRY,,Tristar Airlines,TRISTAR AIR,United States,N
TRZ,T9,TransMeridian Airlines,TRANS-MERIDIAN,United States,N
TSA,,Transair France,AIRTRAF,France,N
TSD,,TAF-Linhas Aereas,TAFI,Brazil,N
TSE,TH,Transmile Air Services,TRANSMILE,Malaysia,N
TSG,,Trans-Air-Congo,TRANS-CONGO,Republic of the Congo,N
TSI,,Transport'air,TRANSPORTAIR,France,N
TSJ,S5,Trast Aero,TRAST AERO,Kyrgyzstan,N
TSK,,Trast Aero,TOMSK-AVIA,Kyrgyzstan,N
TSL,,Thai Aviation Services,THAI AVIATION,Thailand,N
SBT,,Taftan Airlines,TAFTAN,Iran,N
ABS,9T,Transwest Air,ATHABASKA,Canada,Y
TSM,,Trans Sayegh Airport Services,,Lebanon,N
TSN,,Trans-Air Services,AIR TRANS,Nigeria,N
TSO,UN,Transaero Airlines,TRANSOVIET,Russia,Y
TSP,,Transportes Aereos Inter,TRANSPO-INTER,Guatemala,N
TSR,,Trans Service Airlift,TRANS SERVICE,Democratic Republic of Congo,N
TSS,,Tri-State Aero,TRI-STATE,United States,N
TST,,TRAST,TRAST,Kazakhstan,N
TSV,,Tropair Airservices,TROPIC,United Kingdom,N
TSW,,Transwings,SWISSTRANS,Switzerland,N
TSX,T9,Thai Star Airlines,THAI STAR,Thailand,N
TSY,,Tristar Air,TRIPLE STAR,Egypt,N
TTA,,TTA - Sociedade de Transporte e Trabalho Aereo,KANIMANBO,Mozambique,N
TTC,,Transteco,TRANSTECO,Angola,N
TTH,,Tarhan Tower Airlines,,Turkey,N
TTL,,Total Linhas Aereas,TOTAL,Brazil,N
TTP,,Triple O Aviation,MIGHTY WING,Nigeria,N
TTR,,Transportaciones Y Servicios Aereos,TRANSPORTACIONES,Mexico,N
TTS,,Transporte Aereo Tecnico Ejecutivo,TECNICO,Mexico,N
TUA,T5,Turkmenistan Airlines,TURKMENISTAN,Turkmenistan,Y
TUC,,Turismo Aereo de Chile,TURICHILE,Chile,N
TUI,UG,Tuninter,,Tunisia,Y
TUL,,Tulpar Air,URSAL,Russia,N
TUM,,Tyumenspecavia,TUMTEL,Russia,N
TUO,,Taxi Aereo Turistico,TURISTICO,Mexico,N
TUX,,Tulpar Air Service,TULPA,Kazakhstan,N
TUZ,,Tuna Aero,TUNA,Sweden,N
TVA,,Trans America Airlines,TRANS-AMERICA,United States,N
TVH,,Trabajos Aereos Vascongados,TRAVASA,Spain,N
TVI,,Tiramavia,TIRAMAVIA,Moldova,N
TVL,,Travel Service,TRAVEL SERVICE,Hungary,N
TVO,,Transavio,TRANS-BALLERIO,Italy,N
TVR,T6,Tavrey Airlines,TAVREY,Ukraine,N
TVS,QS,Travel Service,SKYTRAVEL,Czech Republic,Y
TWA,TW,Trans World Airlines,TWA,United States,N
TWE,,Transwede Airways,TRANSWEDE,Sweden,N
TWJ,,Twinjet Aircraft Sales,,United Kingdom,N
TWL,,Tradewinds Aviation,TRADEWINDS CANADA,Canada,N
TWM,,Transairways,,Mozambique,N
TWO,,Twente Airlines,COLIBRI,Netherlands,N
TWW,,Trans Air Welwitchia,WELWITCHIA,Angola,N
TXA,,Texair Charter,OKAY AIR,United States,N
TXC,AL,Transaviaexport,TRANSEXPORT,Belarus,N
TXE,,Transilvania Express,TRANSAIR EXPRESS,Romania,N
TXL,,Taxi Aereo Cozatl,TAXI COZATL,Mexico,N
TXM,,Taxi Aereo de Mexico,TAXIMEX,Mexico,N
TXN,,Texas National Airlines,TEXAS NATIONAL,United States,N
TXO,,Taxis Aereos de Sinaloa,TAXIS SINALOA,Mexico,N
TXR,,Taxirey,TAXIREY,Mexico,N
TXS,,Texas Airlines,TEXAIR,United States,N
TXT,,Texas Air Charters,TEXAS CHARTER,United States,N
TXZ,,Tex Star Air Freight,TEX STAR,United States,N
TYF,,Tayflite,TAYFLITE,United Kingdom,N
TYG,,Trygg-Flyg,TRYGG,Sweden,N
TYW,,Tyrol Air Ambulance,TYROL AMBULANCE,Austria,N
TZE,,Transporte Aereo Ernesto Saenz,TRANSPORTE SAENZ,Mexico,N
TZK,,Tajikstan,TAJIKSTAN,Tajikistan,N
BLI,,Thyssen Krupp AG,BLUELINE,Germany,N
BLX,6B,TUIfly Nordic,BLUESCAN,Sweden,Y
BOL,,Transportes Aereos Bolivianos,BOL,Bolivia,N
BOX,,Tiphook PLC,BOX,United Kingdom,N
CHE,,Top Flight Air Service,CHECK AIR,United States,N
CLR,,Trans America,CLINTON AIRWAYS,United States,N
CLU,,Triple Alpha,CAROLUS,Germany,N
CTP,,Tashkent Aircraft Production Corporation,CORTAS,Uzbekistan,N
CWT,,Texas Airways,TEXAS AIRWAYS,United States,N
DCL,,Transportes Aereos Don Carlos,DON CARLOS,Chile,N
DOT,,Telnic Limited,DOT TEL,United Kingdom,N
DRC,,Triton Airlines,TRITON AIR,Canada,N
DTA,DT,TAAG Angola Airlines,DTA,Angola,Y
DTH,SF,Tassili Airlines,TASSILI AIR,Algeria,N
EAR,,Transporte Ejecutivo Aereo,EJECUTIVO-AEREO,Mexico,N
ELV,,Transportes Aereos Nacionales De Selva Tans,AEREOS SELVA,Peru,N
FBO,,TAG Farnborough Airport,,United Kingdom,N
FNV,,Transaviaservice,TRANSAVIASERVICE,Georgia,N
FPG,,TAG Aviation,TAG AVIATION,Switzerland,N
GFN,,The 955 Preservation Group,GRIFFON,United Kingdom,N
GJB,,Trans-Air-Link,SKY TRUCK,United States,N
GPD,,Tradewind Aviation,GOODSPEED,United States,N
HBA,,Trail Lake Flying Service,HARBOR AIR,United States,N
HET,,TAF Helicopters,HELITAF,Spain,N
HTO,,Tango Bravo,HELI TANGO,France,N
HVK,,Turkish Air Force,TURKISH AIRFORCE,Turkey,Y
IHS,,Thryluthjonustan,,Iceland,N
IRF,,TA-Air Airline,TA-AIR,Iran,N
IRR,,Tara Air Line,TARAIR,Iran,N
JCH,,Trading Air Cargo,TRADING CARGO,Mauritania,N
KCA,,Trans-Kiev,TRANS-KIEV,Ukraine,N
JEL,,Tal Air Charters,JETEL,Canada,N
KRA,,Transcontinental Airlines,REGATA,Kazakhstan,N
KTB,,Transaviabaltika,TRANSBALTIKA,Lithuania,N
KTS,,Transair-Gyraintiee,KOTAIR,Russia,N
LAP,PZ,TAM Mercosur,PARAGUAYA,Paraguay,Y
LCC,,The Lancair Company,LANCAIR,United States,N
LEG,,The Army Aviation Heritage Foundation,LEGACY,United States,N
LKW,,Top Sky International,TOPINTER,Indonesia,N
LOF,AX,Trans States Airlines,WATERSKI,United States,Y
LTA,,Trans Atlantis,LANTRA,Canada,N
MCT,,Transportacion Aerea Del Mar De Cortes,TRANS CORTES,Mexico,N
MGM,,Transporte Aero MGM,AERO EMM-GEE-EMM,Mexico,N
MOH,,Tigerfly,MOTH,United Kingdom,N
MPO,,Transportes Aereos Amparo,AMPARO,Mexico,N
MUI,,Trans Air,MAUI,United States,N
MXQ,,Transportes Aereos Mexiquenses,MEXIQUENSES,Mexico,N
NTR,,TNT International Aviation,NITRO,United Kingdom,N
OSY,1L,Open Skies Consultative Commission,OPEN SKIES,United States,N
PCW,,Trans-Pacific Orient Airways,PACIFIC ORIENT,Philippines,N
PGS,,Tauranga Aer Club,,New Zealand,N
PSS,,TSSKB-Progress,PROGRESS,Russia,N
RBD,,Trans World Express,RED BIRD,United States,N
REC,,Trans Reco,TRANS-RECO,Mauritania,N
RMS,,Tas Aviation,TASS AIR,United States,N
ROT,RO,Tarom,TAROM,Romania,Y
ROU,,Transportes Aereos I.R. Crusoe,ROBINSON CRUSOE,Chile,N
RRT,,Transportes Aereos Sierra,SIERRA ALTA,Mexico,N
RRY,,Tbilisi Aviation University,AIRFERRY,Georgia,N
RTM,,Trans Am Compania,AERO TRANSAM,Ecuador,N
SBJ,,Trans Sahara Air,TRANS SAHARA,Nigeria,N
SEI,,Transportes Aereos Sierra Madre,TRANSPORTE SIERRA,Mexico,N
SRT,,Trans Asian Airlines,TRASER,Kazakhstan,N
URN,3T,Turan Air,TURAN,Azerbaijan,Y
TIB,8R,TRIP Linhas A,TRIP,Brazil,Y
USB,,Tusheti,TUSHETI,Georgia,N
UTM,,TAPC Aviatrans Aircompany,AVIATAPS,Uzbekistan,N
UTN,,Trans-Ulgii,TRANS-ULGII,Mongolia,N
UTT,,Transarabian Transportation Services,ARABIAN TRANSPORT,Uganda,N
VEN,,Transaven,TRANSAVEN AIRLINE,Venezuela,N
VIP,,Tag Aviation UK,SOVEREIGN,United Kingdom,N
VNZ,,Tbilaviamsheni,TBILAVIA,Georgia,N
VRC,,Taxi de Veracruz,VERACRUZ,Mexico,N
XAR,,Travel Express Aviation Services,TRAVEL EXPRESS,Indonesia,N
XNR,,Taxi Aero Del Norte,TAXI NORTE,Mexico,N
DOD,,USAF Air Mobility Operations Control Center,,United States,N
DOI,,U.S. Department of the Interior,INTERIOR,United States,N
EXM,,United Kingdom Civil Aviation Authority,EXAM,United Kingdom,N
GIH,,Union des Transports Africains de Guinee,TRANSPORT AFRICAIN,Guinea,N
GKA,,US Army Parachute Team,GOLDEN KNIGHTS,United States,N
GWY,U5,USA3000 Airlines,GETAWAY,United States,Y
UAB,,United Arabian Airlines,UNITED ARABIAN,Sudan,N
UAL,UA,United Airlines,UNITED,United States,Y
UAC,,United Air Charters,UNITAIR,Zimbabwe,Y
UCS,,United Carriers Systems,UNITED CARRIERS,United States,N
UEA,,United Eagle Airlines,UNITED EAGLE,China,N
CFU,,United Kingdom Civil Aviation Authority,MINAIR,United Kingdom,N
KRF,,United Kingdom Royal VIP Flights,KITTYHAWK,United Kingdom,N
KRH,,United Kingdom Royal VIP Flight,SPARROWHAWK,United Kingdom,N
SDS,,United Kingdom Civil Aviation Authority,STANDARDS,United Kingdom,N
TQF,,United Kingdom Royal VIP Flights,RAINBOW,United Kingdom,N
CGX,,United States Coast Guard Auxiliary,COASTGUARD AUXAIR,United States,N
AGR,,United States Department Of Agriculture,AGRICULTURE,United States,N
UAD,,University Air Squadron,,United Kingdom,N
UAJ,,University Air Squadron,,United Kingdom,N
UAA,,University Air Squadron,,United Kingdom,N
UAH,,University Air Squadron,,United Kingdom,N
HBU,,Universal Avia,KHARKIV UNIVERSAL,Ukraine,N
HLE,,UK HEMS,HELIMED,United Kingdom,N
JUS,U7,USA Jet Airlines,JET USA,United States,N
LEA,,Unijet,LEADAIR,France,N
MSH,,US Marshals Service,MARSHALAIR,United States,N
NDU,,University of North Dakota,SIOUX,United States,N
PNA,,Universal Airlines,PACIFIC NORTHERN,United States,N
RAU,,Uganda Royal Airways,UGANDA ROYAL,Uganda,N
SAU,,United Aviation Services,UNISERVE,Spain,N
SVR,U6,Ural Airlines,SVERDLOVSK AIR,Russia,Y
TRB,,Ukraine Transavia,KIROVTRANS,Ukraine,N
UAF,,United Arab Emirates Air Force,UNIFORCE,United Arab Emirates,N
UAI,,Union Africaine des Transports,UNAIR,Ivory Coast,N
UCC,,Uganda Air Cargo,UGANDA CARGO,Uganda,N
UCH,,US Airports Air Charter,US CHARTER,United States,N
UCO,,Ucoaviacion,UCOAVIACION,Spain,N
UES,,Ues-Avia Aircompany,AVIASYSTEM,Ukraine,N
UFS,,UFS,FEEDER EXPRESS,United States,N
UGA,,Uganda Airlines,UGANDA,Uganda,N
UGC,,Urgemer Canarias,URGEMER,Spain,N
UHL,,Ukrainian Helicopters,UKRAINE COPTERS,Ukraine,N
UHS,,Ulyanovsk Higher Civil Aviation School,PILOT AIR,Russia,N
UJR,,Universal Jet Rental de Mexico,UNIVERSAL JET,Mexico,N
UJT,,Universal Jet Aviation,UNI-JET,United States,N
UKI,,UK International Airlines,KHALIQ,United Kingdom,N
UKL,,Ukraine Air Alliance,UKRAINE ALLIANCE,Ukraine,N
UKM,UF,UM Airlines,UKRAINE MEDITERRANEE,Ukraine,Y
UKN,,Ukraine Air Enterprise,ENTERPRISE UKRAINE,Ukraine,N
UKP,,United Kingdom Home Office,POLICE,United Kingdom,N
UKS,6Z,Ukrainian Cargo Airways,CARGOTRANS,Ukraine,N
ULT,,Ultrair,ULTRAIR,United States,N
UMS,,Unitemp-M,TOPAZ,Russia,N
UNC,,Uni-Fly,UNICOPTER,Denmark,N
UNF,,Union Flights,UNION FLIGHTS,United States,N
UNJ,,Universal Jet,PROJET,Spain,N
UNS,,Unsped Paket Servisi,UNSPED,Turkey,N
UNU,,Unifly Servizi Aerei,UNIEURO,Italy,N
UPL,,Ukrainian Pilot School,PILOT SCHOOL,Ukraine,N
UPS,5X,United Parcel Service,UPS,United States,N
URV,,Uraiavia,URAI,Russia,N
USA,US,US Airways,U S AIR,United States,Y
USC,,US Check Airlines,STAR CHECK,United States,N
USF,,USAfrica Airways,AFRICA EXPRESS,United States,N
USH,,US Helicopter,US-HELI,United States,Y
USJ,,US Jet,USJET,United States,N
USX,,US Express,AIR EXPRESS,United States,N
UTA,UT,UTair Aviation,UTAIR,Russia,Y
UTG,,UTAGE,UTAGE,Equatorial Guinea,N
UTR,,Utair South Africa,AIRUT,South Africa,N
UTS,,Ukrainian State Air Traffic Service Enterprise,AIRRUH,Ukraine,N
UTU,,Urartu-Air,,Armenia,N
UVA,,Universal Airways,UNIVERSAL,United States,N
UVG,,Universal Airlines,GUYANA JET,Guyana,N
UVM,,Uvavemex,UVAVEMEX,Mexico,N
AIO,,United States Air Force,AIR CHIEF,United States,Y
UVN,,United Aviation,UNITED AVIATION,Kuwait,N
UZB,HY,Uzbekistan Airways,UZBEK,Uzbekistan,Y
AUI,PS,Ukraine International Airlines,UKRAINE INTERNATIONAL,Ukraine,Y
WEC,,Universal Airlines,AIRGO,United States,N
VAU,VA,V Australia Airlines,KANGA,Australia,N
VBA,,V Bird Airlines Netherlands,VEEBEE,Netherlands,N
WIW,,V-avia Airline,VEE-AVIA,Ukraine,N
VBD,,V-Berd-Avia,VEEBIRD-AVIA,Armenia,N
VAC,,Vacationair,VACATIONAIR,Canada,N
RDW,,Valair AG (Helicoptere),ROADWATCH,Switzerland,N
VLA,,Valan International Cargo Charter,NALAU,South Africa,N
VLN,,Valan Limited,VALAN,Moldova,N
EHR,,Valfell-Verkflug,ROTOR,Iceland,N
VLU,VF,Valuair,VALUAIR,Singapore,Y
VAA,,Van Air Europe,EUROVAN,Czech Republic,N
VGC,,Vanguardia en Aviacion en Colima,VANGUARDIA COLIMA,Mexico,N
VGD,,Vanguard Airlines,VANGUARD AIR,United States,N
VFC,,Vasco Air,VASCO AIR,Vietnam,Y
VAG,,Vega,SEGA,Kazakhstan,N
WGA,,Vega Air Company,WEGA FRANKO,Ukraine,N
WEL,,Veles,Ukrainian Aviation Company,VELES,N
VTX,,Verataxis,VERATAXIS,Mexico,N
BTP,,Veritair Ltd,NET RAIL,United Kingdom,N
VAL,VC,Voyageur Airways,VOYAGEUR,Canada,N
GRV,,Vernicos Aviation,NIGHT RIDER,Greece,N
HVN,VN,Vietnam Airlines,VIET NAM AIRLINES,Vietnam,Y
KWA,,Vozdushnaya Academy,VOZAIR,Kazakhstan,N
MOV,NN,VIM Airlines,MOV AIR,Russia,Y
MVY,,VIM-Aviaservice,,Russia,N
ENV,,Victoria Aviation,ENDEAVOUR,United Kingdom,N
VCT,,Viscount Air Service,VISCOUNT AIR,United States,N
SSI,,Vision Airlines,SUPER JET,Nigeria,N
FXF,,VIP Air Charter,FOX FLIGHT,United States,N
PAV,,VIP Avia,NICOL,Kazakhstan,N
PRX,,VIP Avia,PAREX,Latvia,N
VAT,,Visionair,VISIONAIR,Ireland,N
VCA,,VICA - Viacao Charter Aereos,VICA,Brazil,N
VCM,,Volare Air Charter Company,CARMEN,United States,N
VOI,Y4,Volaris,VOLARIS,Mexico,Y
VDA,VI,Volga-Dnepr Airlines,VOLGA-DNEPR,Russia,Y
VEA,,Vega Airlines,VEGA AIRLINES,Bulgaria,N
VEC,,Venescar Internacional,VECAR,Venezuela,N
VEE,,Victor Echo,VICTOR ECHO,Spain,N
VEI,,Virgin Express Ireland,GREEN ISLE,Ireland,N
VRD,VX,Virgin America,REDWOOD,United States,Y
VES,,Vieques Air Link,VIEQUES,United States,N
VEX,TV,Virgin Express,VIRGIN EXPRESS,Belgium,Y
VFT,,VZ Flights,ZETA FLIGHTS,Mexico,N
VGN,VK,Virgin Nigeria Airways,VIRGIN NIGERIA,Nigeria,Y
VGV,,Vologda State Air Enterprise,VOLOGDA AIR,Russia,N
VHA,,VH-Air Industrie,AIR V-H,Angola,N
VHM,,VHM Schul-und-Charterflug,EARLY BIRD,Germany,N
VIB,,Vibroair Flugservice,VITUS,Germany,N
VIC,,VIP Servicios Aereos Ejecutivos,VIP-EJECUTIVO,Mexico,N
VIE,,VIP Empresarial,VIP EMPRESARIAL,Mexico,N
VIF,,VIF Luftahrt,VIENNA FLIGHT,Austria,N
VIG,,Vega Aviation,VEGA AVIATION,Sudan,N
VIH,,Vichi,VICHI,Moldova,N
VIK,,Viking Airlines,SWEDJET,Sweden,N
VIN,,Vinair - Helicoptereos,VINAIR,Portugal,N
VIR,VS,Virgin Atlantic Airways,VIRGIN,United Kingdom,Y
VJM,,Viajes Ejecutivos Mexicanos,VIAJES MEXICANOS,Mexico,N
VJT,,Vistajet,VISTA,Canada,N
VVM,ZG,Viva Macau,JACKPOT,Macao,Y
VLE,VE,Volare Airlines,VOLA,Italy,Y
VLG,VY,Vueling Airlines,VUELING,Spain,Y
VLK,XF,Vladivostok Air,VLADAIR,Russia,Y
VLO,LC,Varig Log,VELOG,Brazil,Y
VLT,,Vertical-T Air Company,VERTICAL,Russia,N
VMA,,Vero Monmouth Airlines,VERO MONMOUTH,United States,N
VNK,,Vipport Joint Stock Company,,Russia,N
VOA,VM,Viaggio Air,VIAGGIO,Bulgaria,N
VOG,,Voyager Airlines,VOYAGER AIR,Bangladesh,N
VOZ,VA,Virgin Australia,VIRGIN,Australia,Y
VBI,DJ,Virgin Blue,BLUEY,Australia,N
VPA,,VIP Air,VIP TAXI,Slovakia,N
VPB,,Veteran Air,VETERAN,Ukraine,N
VPV,,VIP-Avia,VIP AVIA,Georgia,N
VRA,,Vertair,VERITAIR,United Kingdom,N
VRE,,Volare Airlines,UKRAINE VOLARE,Ukraine,N
VRL,,Voar Lda,VOAR LINHAS,Angola,N
VRN,RG,VRG Linhas Aereas,VARIG,Brazil,Y
VSB,,Vickers Limited,VICKERS,United Kingdom,N
VSG,,Visig Operaciones Aereas,VISIG,Spain,N
VSN,,Vision Airways Corporation,VISION,Canada,N
VSO,,Voronezh Aircraft Manufacturing Society,VASO,Russia,N
VSP,VP,VASP,VASP,Brazil,Y
VSS,,Virign Islands Seaplane Shuttle,WATERBIRD,United States,N
VTC,,Vuelos Especializados Tollocan,VUELOS TOLLOCAN,Mexico,N
VTH,,Vuelos Corporativos de Tehuacan,VUELOS TEHUACAN,Mexico,N
VTK,,Vostok Airlines,VOSTOK,Russia,N
VTL,,Victor Tagle Larrain,VITALA,Chile,N
VTV,,Vointeh,VOINTEH,Bulgaria,N
VUR,,Vuelos Internos Privados VIP,VIPEC,Ecuador,N
VUS,,Vuela Bus,VUELA BUS,Mexico,N
VZL,,Vzlyet,VZLYET,Russia,N
VLM,VG,VLM Airlines,RUBENS,Belgium,Y
WCY,,Viking Express,TITAN AIR,United States,N
WEV,,Victoria International Airways,VICTORIA UGANDA,Uganda,N
WLG,,Volga Aviaexpress,GOUMRAK,Russia,N
WDL,,WDL Aviation,WDL,Germany,N
WRR,,WRA Inc,WRAP AIR,United States,N
XWS,,WSI Corporation,,United States,N
CGG,,Walmart Aviation,CHARGE,United States,N
WAS,,Walsten Air Services,WALSTEN,Canada,N
GOT,,Walter I Linkoping,GOTHIC,Sweden,N
WPT,,Wapiti Aviation,WAPITI,Canada,N
WAV,,Warbelow's Air Ventures,WARBELOW,United States,N
ATX,,Warwickshire Aerocentre Ltd.,AIRTAX,United Kingdom,N
WSG,,Wasaya Airways,WASAYA,Canada,N
WTC,,Weasua Air Transport Company,WATCO,Liberia,N
WEB,WJ,WebJet Linhas A,WEB-BRASIL,Brazil,Y
TDB,,Welch Aviation,THUNDER BAY,United States,N
WLC,2W,Welcome Air,WELCOMEAIR,Austria,Y
BLW,,Wermlandsflyg AB,BLUESTAR,Sweden,N
WCB,,West Africa Airlines,KILO YANKEE,Ghana,N
WTF,,West African Air Transport,WESTAF AIRTRANS,Senegal,N
WSF,,West African Airlines,,Benin,N
WAC,,West African Cargo Airlines,WESTAF CARGO,Mauritania,N
WLX,,West Air Luxembourg,WEST LUX,Luxembourg,N
SWN,PT,West Air Sweden,AIR SWEDEN,Sweden,N
WCW,,West Caribbean Airways,,Colombia,N
WCR,,West Caribbean Costa Rica,WEST CARIBBEAN,Costa Rica,N
WCG,,West Coast Airlines,WHISKY INDIA,Ghana,N
WCA,,West Coast Airways,WEST-LEONE,Sierra Leone,N
TEE,,West Freugh DTEO,TEEBIRD,United Kingdom,N
WEW,,West Wind Aviation,WESTWIND,Canada,N
WJA,WS,WestJet,WESTJET,Canada,Y
WAA,,Westair Aviation,WESTAIR WINGS,Namibia,N
WSC,,Westair Cargo Airlines,WESTCAR,Cote d'Ivoire,N
PCM,,Westair Industries,PAC VALLEY,United States,N
BLK,,Westcoast Energy,BLUE FLAME,Canada,N
WST,,Western Air,WESTERN BAHAMAS,Bahamas,N
NPC,,Western Air Couriers,NORPAC,United States,N
WAE,,Western Air Express,WESTERN EXPRESS,United States,N
WAL,WA,Western Airlines,WESTERN,United States,Y
WAL,,Western Arctic Air,WESTERN ARCTIC,Canada,N
WTV,,Western Aviators,WESTAVIA,United States,N
WES,,Western Express Air Lines,WEST EX,Canada,N
KMR,,Western Pacific Airlines,KOMSTAR,United States,N
WPA,,Western Pacific Airservice,WESTPAC,Solomon Islands,N
WSL,,Westflight Aviation,WEST LINE,United Kingdom,N
WSA,,Westgates Airlines,WESTATES,United States,N
WHE,,Westland Helicopters,WESTLAND,United Kingdom,N
WTP,,Westpoint Air,WESTPOINT,Canada,N
WWD,CN,Westward Airways,WESTWARD,United States,N
WHT,,White,YOUNG SKY,Portugal,N
WEA,,White Eagle Aviation,WHITE EAGLE,Poland,N
WRA,,White River Air Services,,Canada,N
WWL,,Whyalla Airlines,,Australia,N
WIF,WF,Widerøe,WIDEROE,Norway,Y
WIG,,Wiggins Airways,WIGGINS AIRWAYS,United States,N
WHS,,Wiking Helikopter Service,WEEKING,Germany,N
WFO,,Wilbur's Flight Operations,WILBURS,United States,N
WLS,,Williams Air,WILLIAMS AIR,United States,N
WGP,,Williams Grand Prix Engineering,GRAND PRIX,United Kingdom,N
WDA,,Wimbi Dira Airways,WIMBI DIRA,Democratic Republic of Congo,N
WNA,,Winair,WINAIR,United States,N
JET,IV,Wind Jet,GHIBLI,Italy,Y
WSI,,Wind Spirit Air,WIND SPIRIT,United States,N
QGA,,Windrose Air,QUADRIGA,Germany,N
WIA,,Windward Islands Airways International,WINDWARD,Netherland,N
WON,IW,Wings Air,WINGS ABADI,Indonesia,Y
WAT,,Wings Air Transport,,Sudan,N
WAW,,Wings Airways,WING SHUTTLE,United States,N
WOL,,Wings Aviation,WINGJET,Guyana,N
WEX,,Wings Express,WINGS EXPRESS,United States,N
WAK,K5,Wings of Alaska,WINGS ALASKA,United States,N
WLB,,Wings of Lebanon Aviation,WING LEBANON,Lebanon,N
WIN,,Winlink,WINLINK,Saint Lucia,N
WAG,,Wisconsin Air National Guard,,United States,N
WSM,,Wisman Aviation,WISMAN,United States,N
WZZ,W6,Wizz Air,WIZZ AIR,Hungary,Y
WVL,8Z,Wizz Air Hungary,WIZZBUL,Bulgaria,Y
WNR,,Wondair on Demand Aviation,WONDAIR,Spain,N
CWY,,Woodgate Executive Air Charter,CAUSEWAY,United Kingdom,N
WOA,WO,World Airways,WORLD,United States,Y
XWW,,World Weatherwatch,,Canada,N
WWM,,World Wing Aviation,MANAS WING,Kyrgyzstan,N
CSW,,Worldwide Air Charter Systems,CHARTER SYSTEMS,Canada,N
WWS,,Worldwide Aviation Services,,Pakistan,N
WWI,,Worldwide Jet Charter,WORLDWIDE,United States,N
WRT,,Wright Air Lines,WRIGHT-AIR,United States,N
WRF,8V,Wright Air Service,WRIGHT FLYER,United States,N
CWU,,Wuhan Airlines,WUHAN AIR,China,N
WYC,,Wycombe Air Centre,WYCOMBE,United Kingdom,N
WYG,,Wyoming Airlines,WYOMING,United States,N
SEU,SE,XL Airways France,STARWAY,France,Y
XPS,,XP Internation,XP PARCEL,Netherlands,N
XAB,,Xabre Aerolineas,AERO XABRE,Mexico,N
XJC,,Xclusive Jet Charter Limited,EXCLUSIVE JET,United Kingdom,N
XER,,Xerox Corporation,XEROX,United States,N
CXA,MF,Xiamen Airlines,XIAMEN AIR,China,Y
CXJ,,Xinjiang Airlines,XINJIANG,China,N
XJT,,Xjet Limited,XRAY,United Kingdom,N
CXP,XP,Xtra Airways,RUBY MOUNTAIN,United States,N
AKY,,Yak-Service,YAK-SERVICE,Russia,N
YAK,,Yakolev,YAK AVIA,Russia,N
LLM,YL,Yamal Airlines,YAMAL,Russia,Y
CYG,,Yana Airlines,VICAIR,Cambodia,N
YZR,Y8,Yangtze River Express,YANGTZE RIVER,China,N
ELW,,Yellow Wings Air Services,YELLOW WINGS,Kenya,N
IYE,IY,Yemenia,YEMENI,Yemen,Y
ERV,,Yerevan-Avia,YEREVAN-AVIA,Armenia,N
YFS,,Young Flying Service,YOUNG AIR,United States,N
AYU,,Yuhi Air Lines,,Japan,N
UGN,,Yuzhnaya Aircompany,PLUTON,Kazakhstan,N
UMK,,Yuzhmashavia,YUZMASH,Ukraine,Y
RZV,,Z-Avia,ZEDAVIA,Armenia,N
IZG,,Zagros Airlines,ZAGROS,Iran,N
ZAI,,Zaire Aero Service,ZASAIR,Democratic Republic of Congo,N
ZAR,,Zairean Airlines,ZAIREAN,Democratic Republic of Congo,N
MBN,Q3,Zambian Airways,ZAMBIANA,Zambia,N
ZMA,,Zambezi Airlines,ZAMBEZI WINGS,Zambia,N
TAN,,Zanair,ZANAIR,Tanzania,Y
ZAN,,Zantop International Airlines,ZANTOP,United States,N
ZAS,,ZAS Airlines of Egypt,ZAS AIRLINES,Egypt,N
AZR,,Zenith Air,ZENAIR,South Africa,N
EMR,,Zenmour Airlines,ZENMOUR,Mauritania,N
RZR,,Zephyr Express,RECOVERY,United States,N
CJG,,Zhejiang Airlines,ZHEJIANG,China,N
JTU,,Zhetysu,ZHETYSU,Kazakhstan,N
KZH,,Zhez Air,,Kazakhstan,N
CFZ,,Zhongfei General Aviation,ZHONGFEI,China,N
CYN,,Zhongyuan Aviation,ZHONGYUAN,China,N
WZP,3J,Zip,ZIPPER,Canada,N
IMX,C4,Zimex Aviation,ZIMEX,Switzerland,N
OOM,Z4,Zoom Airlines,ZOOM,Canada,Y
ZAW,,Zoom Airways,ZED AIR,Bangladesh,N
ORZ,,Zorex,ZOREX,Spain,N
MLU,,Zracno Pristaniste Mali Losinj,MALI LOSINJ,Croatia,N
TYR,,Tyrolean Airways,TYROLEAN,,Y
BUZ,UK,buzz,,,N
SXR,XW,Sky Express,SKYSTORM,Russia,Y
RAC,VJ,Royal Air Cambodge,,Cambodia,Y
ABL,BX,Air Busan,Air Busan,Republic of Korea,Y
TUB,TB,TUI Airlines Belgium,BEAUTY,Belgium,N
AKR,,Arctic Air,Arctic Norway,Norway,N
BRA,BU,Braathens,Braathens,Norway,N
GLP,GH,Globus,,Russia,Y
KZK,9Y,Air Kazakhstan,Kazakh,Kazakhstan,Y
JAS,JD,Japan Air System,Air System,Japan,Y
RTL,,Rheintalflug,Rheintal,Austria,N
DAN,,Dan-Air London,,United Kingdom,N
FOF,,Fred. Olsen,,Norway,N
RHA,,Robin Hood Aviation,Sherwood,Austria,N
UBD,4H,United Airways,UNITED BANGLADESH,Bangladesh,Y
IEA,,Inter European Airways,,United Kingdom,N
TMW,M8,Trans Maldivian Airways,,Maldives,N
FFV,5H,Fly540,SWIFT TANGO,Kenya,Y
TVF,TO,Transavia France,FRENCH SUN,France,Y
MKU,WP,Island Air (WP),,United States,Y
UIA,B7,Uni Air,Glory,Taiwan,Y
NWS,,NordWind Airlines,NORDLAND,Russia,N
RWZ,WZ,Red Wings,AIR RED,Russia,Y
HST,,Hellenic Star Airways,Hellenic Star,Greece,N
BAZ,,BAE Systems Flight Training,,Australia,N
FXX,FU,Felix Airways,,Yemen,Y
KOQ,K1,Kostromskie avialinii,,Russia,Y
GFY,XX,Greenfly,,Spain,Y
ELK,--,ELK Airways,,Estonia,Y
GBK,GY,Gabon Airlines,GABON AIRLINES,Gabon,Y
MCA,,MCA Airlines,CALSON,Sweden,Y
MAV,ML,Maldivo Airlines,Maldivo,Maldives,Y
VNP,VH,Virgin Pacific,,Fiji,Y
LIO,,LÍO Flugmennt,,Iceland,N
ESR,ZE,Eastar Jet,Eastar,South Korea,Y
JNA,LJ,Jin Air,Jin Air,South Korea,Y
YCC,YC,Ciel Canadien,Ciel,Canada,Y
YCP,CN,Canadian National Airways,CaNational,Canada,Y
AXC,,Indochina Airlines,Airspup,Vietnam,Y
JWW,,JetWind,Jetwind,United States,N
FLB,,German Air Force - FLB,FLB,Germany,Y
CIP,,City-Air Germany,,Germany,N
LBL,L8,Line Blue,Bluebird,Germany,Y
LLC,,FlyLAL Charters,,Lithuania,Y
BKY,BU,Blue Sky America,,United States,N
TXP,XS,Texas Spirit,,United States,N
ILW,IL,Illinois Airways,,United States,N
TXW,TQ,Texas Wings,TXW,United States,Y
CWS,KT,California Western,,United States,N
DSY,DH,Dennis Sky,DSY,Israel,Y
SZB,,Aerolineas heredas santa maria,,Dominican Republic,Y
JRB,,Jc royal.britannica,,United Kingdom,Y
SHA,SH,Sharp Airlines,SHARP,Australia,Y
CAP,C2,CanXplorer,,Canada,Y
GCR,,Tianjin Airlines,,China,Y
LOC,ZQ,Locair,LOCAIR,United States,Y
SQH,K5,SeaPort Airlines,SASQUATCH,United States,Y
ILY,IL,Fly Illi,,United States,N
HCW,V9,Star1 Airlines,,Lithuania,Y
ENJ,,Enerjet,ENERJET AIR,Canada,Y
MXI,I6,MexicanaLink,LINK,Mexico,Y
ISX,IP,Island Spirit,,Iceland,Y
OBS,,Orbest,ORBEST,Portugal,Y
SOA,,Southern Air Charter,,Bahamas,Y
SVG,,SVG Air,Grenadines,Saint Vincent and the Grenadines,Y
CEY,,Air Century,,Dominican Republic,Y
OLS,,Sol Lineas Aereas,FLIGHT SOL,Argentina,Y
REP,P7,Regional Paraguaya,REGIOPAR,Paraguay,Y
NDN,,Transportes Aereos Cielos Andinos,ANDINOS,Peru,Y
EFY,,EasyFly,EASYFLY,Colombia,Y
ANU,,Andalus Lineas Aereas,Andalus,Spain,Y
DCD,,Air 26,DUCARD,Angola,Y
MTW,,Mauritania Airways,MAURITANIA AIRWAYS,Mauritania,Y
CEL,,CEIBA Intercontinental,CEIBA LINE,Equatorial Guinea,Y
LMU,UJ,AlMasria Universal Airlines,ALMASRIA,Egypt,Y
MSE,,EgyptAir Express,EGYPTAIR EXPRESS,Egypt,Y
EUD,,Air Italy Egypt,,Egypt,Y
KBR,K7,KoralBlue Airlines,KORAL BLUE,Egypt,Y
WRC,,Wind Rose Aviation,WIND ROSE,Ukraine,Y
GIE,E4,Elysian Airlines,,Cameroon,Y
SEN,,Sevenair,SEVENAIR,Tunisia,Y
IMP,HT,Hellenic Imperial Airways,IMPERIAL,Greece,Y
AAN,WD,Amsterdam Airlines,AMSTEL,Netherlands,Y
NAK,Q9,Arik Niger,,Niger,Y
STP,8F,STP Airways,SAOTOME AIRWAYS,Sao Tome and Principe,Y
SJU,UQ,Skyjet Airlines,SKYJET,Uganda,Y
TDK,,Transavia Denmark,,Denmark,Y
RFJ,RL,Royal Falcon,,Jordan,Y
MJX,4L,Euroline,GEO-LINE,Georgia,Y
WGC,WG,Worldways,,Canada,N
TRK,,Turkuaz Airlines,TURKU,Turkey,Y
VKH,VQ,Viking Hellas,DELPHI,Greece,Y
FNA,,Norlandair,NORLAND,Iceland,Y
FVM,,Flugfelag Vestmannaeyja,ELEGANT,Iceland,Y
EHM,EH,Euro Harmony,,Portugal,N
GDR,GP,Gadair European Airlines,GADAIR,Spain,Y
MNP,SM,Spirit of Manila Airlines,MANILA SKY,Philippines,Y
CQN,OQ,Chongqing Airlines,CHONG QING,China,Y
GDC,,Grand China Air,GRAND CHINA,China,Y
CHB,PN,West Air China,WEST CHINA,China,Y
QAX,C3,QatXpress,,Qatar,Y
JOY,JR,Joy Air,JOY AIR,China,Y
JGN,,Jagson Airlines,JAGSON,India,Y
QFZ,,Fars Air Qeshm,FARS AIR,Iran,Y
EAA,,Eastok Avia,,Kyrgyzstan,Y
JPU,,Jupiter Airlines,JUPITERAIR,United Arab Emirates,Y
VIS,,Vision Air International,,Pakistan,Y
KEA,,Korea Express Air,,South Korea,Y
EZA,,Eznis Airways,EZNIS,Mongolia,Y
PFL,,Pacific Flier,KOROR,Palau,Y
PSB,,Syrian Pearl Airlines,,Syria,Y
IPV,PA,Parmiss Airlines (IPV),IPV,Iran,Y
EUV,ES,EuropeSky,EuropeSky,Germany,Y
BZE,GB,BRAZIL AIR,BRAZIL AIR,Brazil,Y
OME,MR,Homer Air,,Germany,Y
PQW,WQ,PanAm World Airways,,United States,Y
VWA,YY,Virginwings,,Germany,Y
KSY,KY,KSY,KSY,Greece,Y
BQB,BQ,Buquebus Líneas Aéreas,,Uruguay,Y
KOL,CQ,SOCHI AIR,SLOW FROG,Russia,Y
WAU,WU,Wizz Air Ukraine,WIZZAIR UKRAINE,Ukraine,Y
VVN,47,88,,Cyprus,Y
LMM,LQ,LCM AIRLINES,,Russia,Y
BZL,BZ,Aero Brazil,,Brazil,N
AZU,AD,Azul,,Brazil,Y
LOO,PQ,LSM Airlines,slowbird,Russia,Y
PZY,,Zapolyarie Airlines,,Russia,Y
LIX,C4,LionXpress,LIX,Cameroon,Y
FDB,FZ,Fly Dubai,,United Arab Emirates,Y
MDO,D1,Domenican Airlines,Domenican,Dominican Republic,Y
AXZ,JY,Aereonautica militare,,Italy,Y
KLS,,Kal Star Aviation,,Indonesia,Y
YZZ,YZ,LSM AIRLINES,Moscow frog,Russia,Y
AEF,YP,Aero Lloyd (YP),,Germany,N
ZZZ,ZP,Zabaykalskii Airlines,Lakeair,Russia,Y
XBM,,CBM America,AIRMAX,United States,Y
WFX,,Westfalia Express VA,,Germany,Y
ULA,OD,Zuliana de Aviacion,,Venezuela,N
BSA,BZ,Black Stallion Airways,Stallion,United States,Y
GER,GM,German International Air Lines,,Germany,Y
TBZ,TB,TrasBrasil,,Brazil,Y
THS,TH,TransBrasil Airlines,,Brazil,Y
IIA,,AIR INDOCHINE,,Vietnam,Y
HPY,,Happy Air,,Thailand,Y
SRB,,Solar Air,Solar Air,Thailand,Y
MKG,P8,Air Mekong,Air Mekong,Vietnam,Y
AHO,HH,Air Hamburg (AHO),Air Hamburg,Germany,Y
ZTT,Z6,ZABAIKAL AIRLINES,BAIKAL,Russia,Y
THI,TI,TransHolding,,Brazil,Y
SZZ,,SUR Lineas Aereas,,Argentina,Y
GEG,,Georgian Airlines,,Georgia,N
TYS,YO,TransHolding System,,Brazil,Y
CCC,CB,CCML Airlines,,Colombia,Y
ELC,,Small Planet Airlines,,Lithuania,Y
FBL,F1,Fly Brasil,FBL,Brazil,Y
AUK,,AUOS,AUOS,United Kingdom,N
CIF,1F,CB Airways UK ( Interliging Flights ),,United Kingdom,Y
HYM,HC,Himalayan Airlines,Himalayan,Nepal,Y
TWD,,Turkish Wings Domestic,TWD,Turkey,Y
ZXY,ZX,Japan Regio,,Japan,Y
IXO,,OCEAN AIR CARGO,,India,Y
SKV,RS,Sky Regional,Sky Regional,Canada,Y
CRZ,,Cruzeiro do Sul Servicos Aereos,,Brazil,N
UWW,II,LSM International,moose,Russia,Y
BUU,BU,Baikotovitchestrian Airlines,,American Samoa,Y
LJJ,L4,Luchsh Airlines,russian sky,Russia,Y
QQQ,,ENTERair,,Poland,Y
ZTF,7M,Mongolian International Air Lines,Mongol_AIr,Mongolia,Y
TWB,TW,Tway Airlines,TWAY AIR,South Korea,Y
JSR,JX,Jusur airways,,Egypt,Y
NXB,XB,NEXT Brasil,XB,Brazil,Y
WER,W4,AeroWorld,sovet,Russia,Y
HNX,HN,Hankook Airline,HNX,South Korea,Y
HEY,1H,Hellenic Airways,Hellenic,Greece,N
SRN,,Sprintair,,Poland,Y
MRS,Y8,Marusya Airways,snowball,Russia,Y
ERR,7H,Era Alaska,ERAH,United States,Y
RRJ,R8,AirRussia,russiancloud,Russia,Y
CNN,10,Canadian World,Canadian,Canada,N
PHJ,,Pim Air,Pim Air,Netherlands,N
SMW,,Carpatair Flight Training,Smartwings,Romania,Y
RSY,H5,I-Fly,RUSSIAN SKY,Russia,Y
CFP,,Compania de Aviacion Faucett,,Peru,N
KAR,,Kar-Air,,Finland,N
WTJ,,Whitejets,WHITEJET,Brazil,Y
VKJ,KT,VickJet,Vickjet,France,Y
HAY,,Hamburg Airways,,Germany,Y
SLC,SO,Salsa d\\'Haiti,SALSA,Haiti,Y
KND,,Kan Air,Kan Air,Thailand,Y
CUD,,Air Cudlua,Cudlua,United Kingdom,Y
AXE,,Air Explore,,Slovakia,Y
HCC,,Holidays Czech Airlines,,Czech Republic,Y
COE,,Comtel Air,,Austria,Y
MIC,,Mint Airways,,Spain,Y
OBT,,Orbit Airlines,Orbit,United States,Y
BUR,,Air Bucharest,,Romania,Y
LAV,,AlbaStar,,Spain,Y
MAI,L6,Mauritania Airlines International,,Mauritania,Y
MKD,6F,MAT Airways,,Macedonia,Y
AWM,AW,Asian Wings Airways,Asian Star,Burma,Y
RBG,E5,Air Arabia Egypt,,Egypt,Y
EGS,,Eagles Airlines,EAGLES,Italy,Y
YEP,,YES Airways,,Poland,Y
DSV,,Direct Aero Services,,Romania,Y
MDP,,Medallion Air,MEDALS,Romania,Y
ORC,OI,Orchid Airlines,,Australia,Y
AWA,Y5,Asia Wings,,Kazakhstan,Y
GNN,,Georgian International Airlines,GEO-LINE,Georgia,Y
BTM,,Air Batumi,,Georgia,Y
NIA,NP,Nile Air,NILEBIRD,Egypt,Y
FDD,,Feeder Airlines,,Sudan,Y
SGG,DN,Senegal Airlines,,Senegal,Y
BCC,8B,BusinessAir,,Thailand,Y
CYM,,Compass Airlines (Australia),Compair,Australia,N
XOJ,,XOJET,,United States,Y
DXT,,Dexter (DXT),Dexter,Russia,N
BEU,,Bateleur Air,,South Africa,Y
OAI,,Orbit International Airlines,OA,United States,Y
OAR,,Orbit Regional Airlines,OA,United States,Y
OAN,,Orbit Atlantic Airways,,United States,Y
VOO,,Volotea,Volotea,Spain,Y
GOE,,Go Fly (United Kingdom),Go Flight,United Kingdom,N
HTH,,Helitt Líneas Aéreas,,Spain,Y
RSD,,Russia State Transport,STATE AERO,Russia,Y
MWI,,Malaysia Wings,MWI,Malaysia,Y
ABI,U1,Aviabus,,Russia,Y
MJG,DF,Michael Airlines,MJG,Puerto Rico,Y
KGO,ZC,Korongo Airlines,KORONGO,Congo (Kinshasa),Y
IDS,I5,Indonesia Sky,,Indonesia,Y
SJS,76,Southjet,,United States,Y
ZCS,77,Southjet connect,,United States,Y
XAN,78,Southjet cargo,,United States,Y
IBS,I2,Iberia Express,,Spain,Y
NGB,NJ,Nordic Global Airlines,Nordic Global,Finland,Y
SCO,TZ,Scoot,,Singapore,Y
STS,SX,Starling Airlines Spain,STARLING,Spain,N
ZNA,ZN,Zenith International Airline,ZENITH,Thailand,Y
OAB,O1,Orbit Airlines Azerbaijan,Orbitaz,Azerbaijan,Y
RQX,,Air Engiadina-BRN,Engiadina,Switzerland,N
FVG,,VG Airlines (IV),Nico,Belgium,N
AAT,,Austrian Airtransport,,Austria,N
FKA,,Flying kangaroo Airline,Skippy,Australia,Y
RSJ,,RusJet,,Russia,Y
VJC,,VietJet Air,VIETJETAIR,Vietnam,Y
BXS,,Spantax S.A.,,Spain,N
RBY,V2,Vision Airlines (V2),RUBY,United States,Y
WAJ,,AirAsia Japan,WING ASIA,Japan,Y
YEL,YE,Yellowtail,,United States,Y
RAW,KG,Royal Airways,RAW,United States,Y
FHI,FH,FlyHigh Airlines Ireland (FH),FLYHIRELAND,Ireland,Y
XSR,,Executive AirShare,,United States,Y
HBH,,Hebei Airlines,Hebei Air,China,Y
KBZ,,Air KBZ,Air KBZ,Burma,Y
TJA,TJ,T.J. Air,T.J. Air,United States,Y
VJA,J7,ValueJet,CRITTER,United States,N
FQR,WL,CheapFlyingInternational,cheapflying,France,N
UAT,,Ukraine Atlantic,,Ukraine,Y
NMA,,Nesma Airlines,Nesma Airlines,Egypt,Y
EHN,,East Horizon,EAST HORIZON,Afghanistan,Y
MJP,,Air Majoro,Air Majoro,Peru,Y
UKZ,,Fly Zoom,,United Kingdom,N
RJD,,Rotana Jet,ROTANA,United Arab Emirates,Y
QER,Q3,SOCHI AIR CHATER,russian doll,Russia,Y
MXD,OD,Malindo Air,Malindo,Malaysia,Y
TLM,9F,Tramm Airlines,9F,Netherlands Antilles,N
HRM,,Hermes Airlines,HERMES,Greece,Y
КТК,,Катэкавиа,,Russia,Y
PKV,,Псковавиа,,Russia,Y
VVC,5Z,VivaColombia,,Colombia,Y
FCM,,Flybe Finland Oy,FINNCOMM,Finland,Y
BGY,,Bingo Airways,,Poland,Y
BBG,,Bluebird Airways (BZ),,Greece,Y
IWA,ZM,Apache Air,APACHE,United States,Y
TAQ,,Taunus Air Gmbh,Taunusair,Germany,N
JTO,NR,Jettor Airlines,JETHAPPY,Hong Kong,Y
EDI,,Eastern Atlantic Charters,,United States,N
GOD,GD,GoDutch,,Netherlands,N
VQI,,Flyme (VP),,Maldives,Y
DLT,DW,Deutsche Luftverkehrsgesellschaft,,Germany,N
NFD,,Nürnberger Flugdienst,,Germany,N
GMR,,Golden Myanmar Airlines,Golden Myanmar,Burma,Y
VZA,,ViznAir,Brian,United States,N
CNF,,Canaryfly,,Spain,Y
KSZ,,Sunrise Airways,,Haiti,Y
NCR,N8,National Air Cargo,,United States,Y
EAV,13,Eastern Atlantic Virtual Airlines,EAVA,United States,Y
TTZ,,Transair,,Canada,Y
EVC,,Comfort Express Virtual Charters Albany,Comfort Express,United States,Y
CEO,,Comfort Express Virtual Charters,,United States,Y
ZYZ,XP,Caribbean Wings,caribbean Wings,Turks and Caicos Islands,N
FYJ,,FLYJET,Fast Jet,Poland,Y
SBD,S8,Snowbird Airlines,,Finland,Y
KRY,,Russkie Krylya,,Russia,Y
KHK,KH,Kharkiv Airlines,,Ukraine,Y
KWY,,Key Air,KeyAir,United States,N
XAU,XA,XAIR USA,XAIR,United States,Y
RMK,,Simrik Airlines,,Nepal,Y
XPT,XP,XPTO,XPTO,Portugal,Y
DME,,Royal Flight,,Russia,Y
EGH,,BBN-Airways,BBN,United Kingdom,Y
TKS,,Tomsk-Avia,,Russia,Y
VPP,,Vintage Props and Jets,VINTAGE,United States,N
NYT,,Yeti Airlines,,Nepal,Y
ASL,JU,Air Serbia,AIR SERBIA,Serbia,Y
KCU,,Skyline Ulasim Ticaret A.S.,Kocoglu,Turkey,Y
LTU,LT,Air Lituanica,LITUANICA,Lithuania,Y
ENY,,Envoy Air,Envoy,United States,Y
CCB,,CARICOM AIRWAYS (BARBADOS) INC.,,Barbados,Y
RAB,RN,Rainbow Air (RAI),Rainbow,United States,Y
RAY,RY,Rainbow Air Canada,Rainbow CAN,Canada,Y
RPO,RX,Rainbow Air Polynesia,Rainbow Air,United States,Y
RUE,RU,Rainbow Air Euro,Rainbow Air,United Kingdom,Y
RNY,RM,Rainbow Air US,Rainbow Air,United States,Y
TNS,,Transilvania,,Romania,Y
DOB,QD,Dobrolet,DOBROLET,Russia,Y
SAL,S0,Spike Airlines,Spike Air,United States,Y
GCA,,Grand Cru Airlines,,Lithuania,Y
RLX,,Go2Sky,RELAX,Slovakia,Y
RWW,ER,Fly Europa,,Spain,Y
FPT,PO,FlyPortugal,FlyPortugal,Portugal,Y
FTI,,FTI Fluggesellschaft,,Germany,N
SJO,IJ,Spring Airlines Japan,,Japan,Y
DWA,KP,Dense Airways,DENSE,United States,Y
RSP,,Jet Suite,Red Stripe,United States,Y
FJM,,Fly Jamaica Airways,Greenheart,Jamaica,Y
SAE,Q4,SOCHI AIR EXPRESS,ADLER EXPRESS,Russia,Y
OTJ,X5,Fly Romania,TENDER AIR,Romania,Y
FZW,,Fly Africa Zimbabwe,Fresh Express,Zimbabwe,Y
SDI,,San Dima Air,FAREFLIGHT,United States,Y
FOX,FX,FOX Linhas Aereas,,Brazil,Y
CZV,6V,Via Conectia Airlines,,Uruguay,Y
HBR,,Hebradran Air Services,Hebradran,United Kingdom,Y
PBD,,Pobeda,POBEDA,Russia,Y
GTA,E8,City Airways,CITY AIR,Thailand,Y
NLH,DU,Norwegian Long Haul AS,NORSTAR,Norway,Y
TNU,M8,TransNusa Air,TRANSNUSA,Indonesia,Y
FZA,,Fuzhou Airlines,,China,Y
SWM,,Sky Angkor Airlines (ZA),SKY ANGKOR,Cambodia,Y
MYP,,Mann Yadanarpon Airlines,MANN ROYAL,Burma,Y
VTI,UK,Air Vistara,,India,Y
RGG,1E,TransRussiaAirlines,,Russia,Y
RXR,RR,REXAIR VIRTUEL,Rexair,France,Y
WEN,WR,WestJet Encore,Encore,Canada,Y
PPL,OP,Air Pegasus,,India,Y
INE,9I,International Europe,,Spain,Y
SKV,,Sky Regional Airlines,Maple,Canada,Y
VAX,ZV,V Air,,Taiwan,Y
CLJ,,Cello Aviation,CELLOJET,United Kingdom,Y
ALS,NV,Naka Nihon Airlines Service,,Japan,N
PYA,,Pouya Air,,Iran,Y
BTQ,4B,Boutique Air (Priv),,United States,Y
FEG,,FlyEgypt,,Egypt,Y
VOE,V7,VOLOTEA Airways,,Spain,Y
GUI,3X,Aguilar Connect,Moonexpress,Chile,N
ROB,7V,ROYAL BRITAIN,,United Kingdom,N
IIR,Z5,INAVIA Internacional,,Argentina,Y
LTY,LE,Liberty Airways,,United States,Y
IAM,,Aeronautica Militare,Italian Airforce,Italy,Y
BSX,5B,Bassaka airlines,5B,Cambodia,Y
JJP,,Jetstar Japan,ORANGE LINER,Japan,Y
DAK,,First Flying,,Japan,Y
UJX,,AtlasGlobal Ukraine,Atlas Ukraine,Ukraine,Y
BOV,,Boliviana de Aviacion (OB),BOLIVIANA,Bolivia,Y
UBG,,US-Bangla Airlines,,Bangladesh,Y
IBK,,Norwegian Air International (D8),NORTRANS,Norway,Y
VIA,V1,VIA Líneas Aéreas,,Argentina,Y
PMK,3D,Palair Macedonia,,Macedonia,N
GXG,GX,GermanXL,,Germany,Y
KYA,,Alghanim,,United States,Y
IDX,,Indonesa Air Aisa X,Red Phoenix,Indonesia,Y
FRF,FF,Fly France,,France,Y
ENZ,,Jota Aviation,ENZO,United Kingdom,Y
FCB,,COBALT,COBALT,Cyprus,Y
LTD,,Southern Airways Express,LIGHTSPEED,United States,Y
DWD,DW,Deutsche Luftverkehrsgesellschaft (DLT),,Germany,N
ORG,,Orenburzhie,,Russia,Y
WSS,W3,World Scale Airlines,,United States,Y
SSA,AG,All America US,,United States,Y
UAY,,University of Birmingham Air Squadron (RAF),UAY,United Kingdom,Y
CSX,,Choice Airways,,United States,Y
ARU,,Aruba Airlines,,Aruba,Y
DYA,,Dynamic Airways,,United States,Y
TEZ,,Tez Jet Airlines,,Kyrgyzstan,Y
KUH,,Kush Air,,South Sudan,Y
SRY,,ViaAir,Stingray,United States,Y
PYB,0P,All America BOPY,BOPY,Paraguay,Y
TVJ,,Thai Vietjet Air,THAIVIET JET,Thailand,Y
AOW,2Y,Air Andaman (2Y),AIR ANDAMAN,Thailand,N
TDA,,TDA Toa Domestic Airlines,Toa Domes,Japan,N
CBG,,GX Airlines,SPRAY,China,Y
SSX,,Lynx Aviation (L3/SSX),Shasta,United States,N
SJM,7R,Svyaz Rossiya,RussianConnecty,Russia,Y
